Workbook
Name SegmentaçãodeDados_ANO_AVAL.: #N/A
Name SegmentaçãodeDados_ANO_AVAL.1: #N/A
Name SegmentaçãodeDados_CAMPUS1: #N/A
Name SegmentaçãodeDados_CAMPUS11: #N/A
Name SegmentaçãodeDados_CC: #N/A
Name SegmentaçãodeDados_CC1: #N/A
Name SegmentaçãodeDados_COD_AVAL: #N/A
Name SegmentaçãodeDados_COD_AVAL1: #N/A
Name SegmentaçãodeDados_COD_CURSO: #N/A
Name SegmentaçãodeDados_COD_CURSO1: #N/A
Name SegmentaçãodeDados_CURSO1: #N/A
Name SegmentaçãodeDados_CURSO11: #N/A
Name SegmentaçãodeDados_D1: #N/A
Name SegmentaçãodeDados_D11: #N/A
Name SegmentaçãodeDados_D2: #N/A
Name SegmentaçãodeDados_D21: #N/A
Name SegmentaçãodeDados_D3: #N/A
Name SegmentaçãodeDados_D31: #N/A
Name SegmentaçãodeDados_MOD: #N/A
Name SegmentaçãodeDados_MOD1: #N/A
Name SegmentaçãodeDados_PROC._Nº: #N/A
Name SegmentaçãodeDados_PROC._Nº1: #N/A
Name SegmentaçãodeDados_UND_ACAD1: #N/A
Name SegmentaçãodeDados_UND_ACAD11: #N/A

Sheet BASE IN-LOCO
A1: CURSO | B1: CAMPUS | C1: UND-ACAD | D1: ANO | E1: D1 | F1: D2 | G1: D3 | H1: CC | I1: AVAL
A2: ENG. QUÍMICA | B2: BELÉM | C2: ITEC | D2: 2011 | E2: 2 | F2: 4 | G2: 3 | H2: 3 | I2: 2
A3: QUÍMICA - BACHARELADO | B3: BELÉM | C3: ICEN | D3: 2011 | E3: 3 | F3: 4 | G3: 3 | H3: 3 | I3: 3
A4: ENG. MECÂNICA | B4: BELÉM | C4: ITEC | D4: 2011 | E4: 3 | F4: 3 | G4: 2 | H4: 3 | I4: 3
A5: COMUNICAÇÃO SOCIAL | B5: BELÉM | C5: ILC | D5: 2011 | E5: 3 | F5: 4 | G5: 2 | H5: 3 | I5: 3
A6: ENG. ELÉTRICA | B6: BELÉM | C6: ITEC | D6: 2011 | E6: 2 | F6: 4 | G6: 3 | H6: 3 | I6: 2
A7: FÍSICA | B7: BELÉM | C7: ICEN | D7: 2011 | E7: 3 | F7: 4 | G7: 3 | H7: 3 | I7: 3
A8: CIÊNCIAS SOCIAIS - BACHARELADO | B8: BELÉM | C8: IFCH | D8: 2011 | E8: 3 | F8: 5 | G8: 2 | H8: 3 | I8: 3
A9: CIÊNCIAS SOCIAIS - LICENCIATURA | B9: BELÉM | C9: IFCH | D9: 2011 | E9: 3 | F9: 5 | G9: 2 | H9: 3 | I9: 3
A10: ENG. NAVAL | B10: BELÉM | C10: ITEC | D10: 2011 | E10: 5 | F10: 5 | G10: 5 | H10: 5 | I10: 4
A11: ESTATÍSTICA | B11: BELÉM | C11: ICEN | D11: 2011 | E11: 2 | F11: 4 | G11: 2 | H11: 3 | I11: 2
A12: MÚSICA | B12: BELÉM | C12: ICA | D12: 2011 | E12: 4 | F12: 4 | G12: 2 | H12: 4 | I12: 3
A13: EDUCAÇÃO FÍSICA | B13: BELÉM | C13: ICED | D13: 2011 | E13: 4 | F13: 4 | G13: 4 | H13: 4 | I13: 2
... A122: ENG. FERROVIÁRIA | B122: BELÉM | C122: ITEC | D122: 2017 | E122: 3.3 | F122: 4.3 | G122: 2.6 | H122: 3 | I122: 3
A123: CIÊNCIAS NATURAIS | B123: BREVES | C123: BRV | D123: 2018 | E123: 4,19 | F123: 4,42 | G123: 3,88 | H123: 4 | I123: 3
A124: ENG. DA COMPUTAÇÃO | B124: TUCURUÍ | C124: TUC | D124: 2018 | E124: 3,6 | F124: 4,46 | G124: 2,9 | H124: 4 | I124: 3
A125: FARMÁCIA | B125: BELÉM | C125: ICS | D125: 2018 | E125: 4,39 | F125: 4,75 | G125: 3,81 | H125: 4 | I125: 3
A126: Fisioterapia | B126: BELÉM | C126: ICS | D126: 2018 | E126: 4,59 | F126: 4,91 | G126: 4,77 | H126: 5 | I126: 4
A127: ENG. DE PESCA | B127: BRAGANÇA | C127: BRG | D127: 2018 | E127: 4,47 | F127: 4,64 | G127: 3,91 | H127: 4 | I127: 5
A128: ENG. DA COMPUTAÇÃO | B128: CASTANHAL | C128: CST | D128: 2018 | E128: 3,65 | F128: 4,14 | G128: 3,4 | H128: 4 | I128: 3
A129: EDUCAÇÃO DO CAMPO | B129: ALTAMIRA | C129: ALT | D129: 2018 | E129: 4,65 | F129: 5 | G129: 4,22 | H129: 5 | I129: 4
A130: MÚSICA | B130: BELÉM | C130: ICA | D130: 2018 | E130: 4,4 | F130: 4,17 | G130: 2,82 | H130: 4 | I130: 3
A131: GEOGRAFIA | B131: CAMETÁ | C131: CMT | D131: 2018 | E131: 3,7 | F131: 4,58 | G131: 3 | H131: 4 | I131: 4
A132: CIENCIAS SOCIAIS | B132: BELÉM | C132: IFCH | D132: 2018 | E132: 3,2 | F132: 4,73 | G132: 4 | H132: 4 | I132: 4
A133: LETRAS - PORTUGUÊS | B133: BELÉM | C133: ILC | D133: 2018 | E133: 4,5 | F133: 4,25 | G133: 3,25 | H133: 4 | I133: 4
A134: Eng. Florestal | B134: ALTAMIRA | C134: ALT | D134: 2018 | E134: 3.67 | F134: 4.18 | G134: 3.4 | H134: 4 | I134: 2
A135: Biotecnologia | B135: BELÉM | C135: ICB | D135: 2018 | E135: 4 | F135: 4.64 | G135: 4.13 | H135: 4 | I135: 3
A136: INTER-DISCIPLINAR INTEGRADA EM EDUCAÇÃO, CIÊNCIAS, MATEMÁTICA E LINGUAGEM | B136: BELÉM | C136: IEMCI | D136: 2018 | E136: 4 | F136: 4.92 | G136: 4.3 | H136: 4 | I136: 4
A137: LETRAS ALEMÃO | B137: BELÉM | C137: ILC | D137: 2018 | E137: 4.8 | F137: 3.31 | G137: 4.82 | H137: 4 | I137: 4
A138: LETRAS-INGLÊS | B138: BELÉM | C138: ILC | D138: 2018 | E138: 3.75 | F138: 3.91 | G138: 4 | H138: 4 | I138: 3
A139: LETRAS - FRANCES | B139: BELÉM | C139: ILC | D139: 2018 | E139: 3.65 | F139: 4.46 | G139: 4.2 | H139: 4 | I139: 3
A140: LETRAS - ESPANHOL | B140: BELÉM | C140: ILC | D140: 2018 | E140: 3.6 | F140: 3.64 | G140: 4 | H140: 4 | I140: 3
A141: OCEANOGRAFIA | B141: BELÉM | C141: IG | D141: 2018 | E141: 3.21 | F141: 4.46 | G141: 3.44 | H141: 4 | I141: 3
A142: LETRAS - PORTUGUÊS | B142: ABAETETUBA | C142: ABT | D142: 2018 | E142: 3.25 | F142: 4.08 | G142: 2.91 | H142: 3 | I142: 4
A143: LETRAS-INGLÊS | B143: CAMETÁ | C143: CMT | D143: 2018 | E143: 2.9 | F143: 4.25 | G143: 3 | H143: 3 | I143: 2
A144: MATEMÁTICA | B144: SALINOPOLIS | C144: SAL | D144: 2018 | E144: 4.11 | F144: 4 | G144: 4 | H144: 4 | I144: 3
A145: ENG. MECÂNICA | B145: TUCURUÍ | C145: TUC | D145: 2018 | E145: 3.73 | F145: 4.09 | G145: 3.1 | H145: 4 | I145: 4
A146: Biblioteconomia | B146: BELÉM | C146: ICSA | D146: 2018 | E146: 3.86 | F146: 4.33 | G146: 4.25 | H146: 4 | I146: 4
A147: HISTÓRIA | B147: ANANINDEUA | C147: ANA | D147: 2018 | E147: 4.28 | F147: 4.44 | G147: 3 | H147: 4 | I147: 1
A148: FÍSICA | B148: ANANINDEUA | C148: ANA | D148: 2019 | E148: 3.89 | F148: 3.67 | G148: 2.63 | H148: 3 | I148: 1
A149: QUÍMICA - LICENCIATURA | B149: ANANINDEUA | C149: ANA | D149: 2019 | E149: 4.33 | F149: 3.67 | G149: 3 | H149: 4 | I149: 1
A150: GEOGRAFIA | B150: ANANINDEUA | C150: ANA | D150: 2019 | E150: 4.06 | F150: 3.78 | G150: 3.11 | H150: 4 | I150: 4
A151: ARTES VISUAIS | B151: BELÉM | C151: ICA | D151: 2019 | E151: 3.93 | F151: 3.89 | G151: 4 | H151: 4 | I151: 5
A152: ESTATÍSTICA | B152: BELÉM | C152: ICEN | D152: 2019 | E152: 4.43 | F152: 4.89 | G152: 4.43 | H152: 5 | I152: 5
A153: TEATRO | B153: BELÉM | C153: ICA | D153: 2019 | E153: 4.95 | F153: 4.92 | G153: 3.73 | H153: 5 | I153: 5
A154: DANÇA | B154: BELÉM | C154: ICA | D154: 2019 | E154: 4.5 | F154: 4.92 | G154: 4.09 | H154: 4 | I154: 5
A155: MUSEOLOGIA | B155: BELÉM | C155: ICA | D155: 2019 | E155: 3.86 | F155: 4.33 | G155: 3.63 | H155: 4 | I155: 3
A156: PRODUÇÃO MULTIMÍDIA | B156: BELÉM | C156: ICA | D156: 2019 | E156: 4.79 | F156: 3.22 | G156: 4.33 | H156: 4 | I156: 5
A157: QUIMICA INDUSTRIAL | B157: BELÉM | C157: ICEN | D157: 2019 | E157: 4.67 | F157: 4.55 | G157: 4.67 | H157: 5 | I157: 3
A158: BIOMEDICINA | B158: BELÉM | C158: ICB | D158: 2019 | E158: 3.07 | F158: 3.56 | G158: 2.85 | H158: 3 | I158: 3
A159: AGRONOMIA | B159: ALTAMIRA | C159: ALT | D159: 2019 | E159: 3.99 | F159: 3.44 | G159: 3.63 | H159: 4 | I159: 4
... A161: FÍSICA | B161: ANANINDEUA | C161: ANA | D161: 2021 | E161: 4.56 | F161: 4.67 | G161: 3.67 | H161: 4 | I161: 5

Sheet CAPA
A1: UNIVERSIDADE FEDERAL DO PARA
A2: PRÓ-REITORIA DE PLANEJAMENTO E DESENVOLVIMENTO INSTITUCIONAL
A3: DIRETORIA DE AVALIAÇÃO INSTITUCIONAL
A4: COORDENADORIA DE AUTOAVALIAÇÃO

Sheet INSTRUMENTOS
A1: UNIVERSIDADE FEDERAL DO PARA
A2: PRÓ-REITORIA DE PLANEJAMENTO E DESENVOLVIMENTO INSTITUCIONAL
A3: DIRETORIA DE AVALIAÇÃO INSTITUCIONAL
A4: COORDENADORIA DE AUTOAVALIAÇÃO

Sheet 2011
A1: UNIVERSIDADE FEDERAL DO PARA
A2: PRÓ-REITORIA DE PLANEJAMENTO E DESENVOLVIMENTO INSTITUCIONAL
A3: DIRETORIA DE AVALIAÇÃO INSTITUCIONAL
A4: COORDENADORIA DE AUTOAVALIAÇÃO
D9: MOSTRA O RELATÓRIO DA AVALIAÇÃO
A12: CURSO | B12: MOD | C12: COD-CURSO | D12: CAMPUS | E12: UND-ACAD | F12: PROC. Nº | G12: COD-AVAL | H12: ANO AVAL. | I12: PERÍODO | J12: D1 | K12: D2 | L12: D3 | M12: CC | N12: AVAL
A13: ENGENHARIA QUÍMICA | B13: BACH | D13: BELÉM | E13: ITEC | F13: 201102682 | G13: 89288 | H13: 2011 | I13: 40677 | J13: 2 | K13: 4 | L13: 3 | M13: 3 | N13: 2
A14: QUÍMICA | B14: BACH | D14: BELÉM | E14: ICEN | F14: 201101981 | G14: 89629 | H14: 2011 | I14: 19 A 22/06/11 | J14: 3 | K14: 4 | L14: 3 | M14: 3 | N14: 3
A15: ENGENHARIA MECÂNICA | B15: BACH | D15: BELÉM | E15: ITEC | F15: 201101816 | G15: 89285 | H15: 2011 | I15: 26 A 29/06/11 | J15: 3 | K15: 3 | L15: 2 | M15: 3 | N15: 3
A16: COMUNICAÇÃO SOCIAL | B16: BACH | D16: BELÉM | E16: ILC | F16: 201101868 | G16: 89286 | H16: 2011 | I16: 26 A 29/06/11 | J16: 3 | K16: 4 | L16: 2 | M16: 3 | N16: 3
A17: ENGENHARIA ELÉTRICA | B17: BACH | D17: BELÉM | E17: ITEC | F17: 201101219 | G17: 89277 | H17: 2011 | I17: 17 A 20/08/11 | J17: 2 | K17: 4 | L17: 3 | M17: 3 | N17: 2
A18: FÍSICA - LICENCIATURA | B18: LIC | D18: BELÉM | E18: ICEN | F18: 201101549 | G18: 89689 | H18: 2011 | I18: 17 A 20/08/11 | J18: 3 | K18: 4 | L18: 3 | M18: 3 | N18: 3
A19: CIÊNCIAS SOCIAIS - BACHARELADO | B19: BACH | D19: BELÉM | E19: IFCH | F19: 201102336 | G19: 90053 | H19: 2011 | I19: 14 A 17/09/11 | J19: 3 | K19: 5 | L19: 2 | M19: 3 | N19: 3 | O19: IMP.SERES
A20: CIÊNCIAS SOCIAIS - LICENCIATURA | B20: LIC | D20: BELÉM | E20: IFCH | F20: 201102881 | G20: 90059 | H20: 2011 | I20: 14 A 17/09/11 | J20: 3 | K20: 5 | L20: 2 | M20: 3 | N20: 3 | O20: IMP.SERES
A21: ENGENHARIA NAVAL | B21: BACH | D21: BELÉM | E21: ITEC | F21: 200902233 | G21: 84354 | H21: 2011 | I21: 18 A 21/09/11 | J21: 5 | K21: 5 | L21: 5 | M21: 5 | N21: 4
A22: ESTATÍSTICA | B22: BACH | D22: BELÉM | E22: ICEN | F22: 201101331 | G22: 89456 | H22: 2011 | I22: 26 A 29/10/11 | J22: 2 | K22: 4 | L22: 2 | M22: 3 | N22: 2
A23: MÚSICA | B23: LIC | D23: BELÉM | E23: ICA | F23: 201007619 | G23: 85732 | H23: 2011 | I23: 16 A 19/11/11 | J23: 4 | K23: 4 | L23: 2 | M23: 4 | N23: 3
A24: EDUCAÇÃO FÍSICA | B24: LIC | D24: BELÉM | E24: ICED | F24: 200905989 | G24: 84356 | H24: 2010 | I24: 21 A 24/11/11 | J24: 4 | K24: 4 | L24: 4 | M24: 4 | N24: 2
A25: MATEMÁTICA | B25: LIC | D25: ABAETETUBA | E25: ABT | F25: 201101188 | G25: 89275 | H25: 2011 | I25: 24 A 17/08/11 | J25: 3 | K25: 3 | L25: 3 | M25: 3 | N25: 1
A26: PEDAGOGIA | B26: LIC | D26: BRAGANÇA | E26: BRG | F26: 201101182 | G26: 89582 | H26: 2011 | I26: 18 A 21/05/11 | J26: 3 | K26: 3 | L26: 2 | M26: 3 | N26: 3
A27: PEDAGOGIA | B27: LIC | D27: BREVES | E27: BRV | F27: 201101283 | G27: 89279 | H27: 2011 | I27: 27/09 A 01/10/11 | J27: 3 | K27: 3 | L27: 2 | M27: 3 | N27: 3
A28: LETRAS | B28: LIC | D28: BREVES | E28: BRV | F28: 201101503 | G28: 89587 | H28: 2011 | I28: 29/11 A 03/12/11 | J28: 3 | K28: 3 | L28: 2 | M28: 3 | N28: 3
A29: ENGENHARIA DE MATERIAIS | B29: BACH | D29: MARABÁ | E29: MRB | F29: 200812042 | G29: 82698 | H29: 2011 | I29: 23 A 26/03/11 | J29: 4 | K29: 4 | L29: 4 | M29: 4 | N29: 4
A30: ENGENHARIA DE MINAS | B30: BACH | D30: MARABÁ | E30: MRB | F30: 200900270 | G30: 84741 | H30: 2011 | I30: 21 A 24/08/11 | J30: 4 | K30: 4 | L30: 3 | M30: 4 | N30: 4
I31: Média | J31: =AVERAGE(J13:J18,J21:J30) -> 3.1875 | K31: =AVERAGE(K13:K18,K21:K30) -> 3.75 | L31: =AVERAGE(L13:L18,L21:L30) -> 2.8125 | M31: =AVERAGE(M13:M18,M21:M30) -> 3.375 | N31: =AVERAGE(N13:N18,N21:N30) -> 2.8125

Sheet 2011 (GRAF)
A1: UNIVERSIDADE FEDERAL DO PARA
A2: PRÓ-REITORIA DE PLANEJAMENTO E DESENVOLVIMENTO INSTITUCIONAL
A3: DIRETORIA DE AVALIAÇÃO INSTITUCIONAL
A4: COORDENADORIA DE AUTOAVALIAÇÃO
B14: MÉDIA POR UND-ACAD
C15: D1 | D15: D2 | E15: D3
B16: ITEC | C16: =AVERAGE('2011'!J13,'2011'!J15,'2011'!J17,'2011'!J21) -> 3 | D16: =AVERAGE('2011'!K13,'2011'!K15,'2011'!K17,'2011'!K21) -> 4 | E16: =AVERAGE('2011'!L13,'2011'!L15,'2011'!L17,'2011'!L21) -> 3.25
B17: ICEN | C17: =AVERAGE('2011'!J14,'2011'!J18,'2011'!J22) -> 2.6666667 | D17: =AVERAGE('2011'!K14,'2011'!K18,'2011'!K22) -> 4 | E17: =AVERAGE('2011'!L14,'2011'!L18,'2011'!L22) -> 2.6666667
B18: ILC | C18: =AVERAGE('2011'!J16) -> 3 | D18: =AVERAGE('2011'!K16) -> 4 | E18: =AVERAGE('2011'!L16) -> 2
B19: IFCH | C19: 0 | D19: 0 | E19: 0
B20: ICA | C20: =AVERAGE('2011'!J23) -> 4 | D20: =AVERAGE('2011'!K23) -> 4 | E20: =AVERAGE('2011'!L23) -> 2
B21: ICED | C21: =AVERAGE('2011'!J24) -> 4 | D21: =AVERAGE('2011'!K24) -> 4 | E21: =AVERAGE('2011'!L24) -> 4
B22: ABT | C22: =AVERAGE('2011'!J25) -> 3 | D22: =AVERAGE('2011'!K25) -> 3 | E22: =AVERAGE('2011'!L25) -> 3
B23: BRG | C23: =AVERAGE('2011'!J26) -> 3 | D23: =AVERAGE('2011'!K26) -> 3 | E23: =AVERAGE('2011'!L26) -> 2
B24: BRV | C24: =AVERAGE('2011'!J27,'2011'!J28) -> 3 | D24: =AVERAGE('2011'!K27,'2011'!K28) -> 3 | E24: =AVERAGE('2011'!L27,'2011'!L28) -> 2
B25: MRB | C25: =AVERAGE('2011'!J29:J30) -> 4 | D25: =AVERAGE('2011'!K29:K30) -> 4 | E25: =AVERAGE('2011'!L29:L30) -> 3.5
A36: D1 - ORGANIZAÇÃO DIDÁTICO-PEDAGÓGICA - Fontes de Consulta: Plano de Desenvolvimento Institucional, Projeto Pedagógico do Curso, Relatório de Autoavaliação Institucional, Políticas Institucionais, Diretrizes Curriculares Nacionais, quando houver, Catálogo Nacional dos Cursos Superiores de Tecnologia, quando couber, Formulário Eletrônico preenchido pela IES no e-MEC.
A38: D2 - CORPO DOCENTE E TUTORIAL - Fontes de consulta: Projeto Pedagógico do Curso, Plano de Desenvolvimento Institucional, Políticas de Formação Docente, Formulário Eletrônico preenchido pela IES no e-MEC, Documentação Comprobatória e Catálogo Nacional dos Cursos Superiores de Tecnologia, quando couber.
A40: D3 - INFRAESTRUTURA - Fontes de Consulta: Projeto Pedagógico do Curso, Diretrizes Curriculares Nacionais, quando houver, Catálogo Nacional dos Cursos Superiores de Tecnologia, quando couber. Formulário Eletrônico preenchido pela IES no e-MEC e Documentação Comprobatória.

Sheet 2012
A1: UNIVERSIDADE FEDERAL DO PARA
A2: PRÓ-REITORIA DE PLANEJAMENTO E DESENVOLVIMENTO INSTITUCIONAL
A3: DIRETORIA DE AVALIAÇÃO INSTITUCIONAL
A4: COORDENADORIA DE AUTOAVALIAÇÃO
D9: MOSTRA O RELATÓRIO DA AVALIAÇÃO
A12: CURSO | B12: MOD | C12: COD-CURSO | D12: CAMPUS | E12: UND-ACAD | F12: PROC. Nº | G12: COD-AVAL | H12: ANO AVAL. | I12: PERÍODO | J12: D1 | K12: D2 | L12: D3 | M12: CC | N12: AVAL
A13: SISTEMA DE INFORMAÇÃO | B13: BACH | D13: CASTANHAL | E13: CST | F13: 201203993 | G13: 96801 | H13: 2012 | I13: 24 A 27/02/2012 | J13: 2.7 | K13: 3.9 | L13: 2.6 | M13: 3 | N13: 1
A14: MATEMATICA | B14: LIC | D14: CAMETÁ | E14: CMT | F14: 201202145 | G14: 96718 | H14: 2012 | I14: 24 A 27/02/2012 | J14: 2.9 | K14: 4.1 | L14: 1.6 | M14: 3 | N14: 3
A15: LETRAS PORTUGUÊS | B15: LIC | D15: ALTAMIRA | E15: ALT | F15: 201201183 | G15: 96312 | H15: 2012 | I15: 12/12 A 15/12/2012 | J15: 3.2 | K15: 4.3 | L15: 2.1 | M15: 3 | N15: 3
A16: LETRAS ALEMÃO | B16: LIC | D16: BELÉM | E16: ILC | F16: 201100607 | G16: 93434 | H16: 2012 | I16: 08/08 A 11/08/2012 | J16: 3.5 | K16: 3.4 | L16: 3.6 | M16: 4 | N16: 3
A17: HISTÓRIA | B17: LIC | D17: CAMETÁ | E17: IFCH | F17: 201201787 | G17: 96713 | H17: 2012 | I17: 04/11 A 07/11/2012 | J17: 3 | K17: 4.3 | L17: 1.9 | M17: 3 | N17: 3
A18: GEOLOGIA | B18: BACH | D18: BELÉM | E18: IG | F18: 201114820 | G18: 95661 | H18: 2012 | I18: 15 A 18/08/2012 | J18: 4.4 | K18: 4.3 | L18: 4.3 | M18: 4 | N18: 4
A19: GEOLOGIA | B19: BACH | D19: MARABÁ | E19: MRB | F19: 201113411 | G19: 94201 | H19: 2012 | I19: 01/08 A 04/08/2012 | J19: 3.1 | K19: 4.1 | L19: 3.3 | M19: 3 | N19: 1
A20: ENG. SANITARIA E AMBIENTAL | B20: BACH | D20: BELÉM | E20: ITEC | F20: 201008291 | G20: 85797 | H20: 2012 | I20: 21 A 24/11/12 | J20: 5 | K20: 5 | L20: 4 | M20: 5 | N20: 3
A21: ENG. FLORESTAL | B21: BACH | D21: ALTAMIRA | E21: ALT | F21: 201200645 | G21: 96306 | H21: 2012 | I21: 19 a 22/08/12 | J21: 3.3 | K21: 3.5 | L21: 3.3 | M21: 3 | N21: 2
A22: EAD QUIMICA | B22: LIC | D22: BELÉM | E22: ICEN | F22: 201113636 | G22: 96694 | H22: 2012 | I22: 04/11 A 07/11/2012 | J22: 2.3 | K22: 3.2 | L22: 1.8 | M22: 2 | N22: 2
A23: CIENCIAS BIOLOGICAS | B23: LIC | D23: SOURE | E23: SOU | F23: 201113635 | G23: 94739 | H23: 2012 | I23: 30/11 A 03/12/2012 | J23: 3 | K23: 3.7 | L23: 2.2 | M23: 3 | N23: 3
A24: CIENCIAS BIOLOGICAS | B24: LIC | D24: ALTAMIRA | E24: ALT | F24: 201201654 | G24: 96705 | H24: 2012 | I24: 04/11 A 07/11/2012 | J24: 3.6 | K24: 4.4 | L24: 4.3 | M24: 4 | N24: 3
... A26: AGRONOMIA | B26: BACH | D26: ALTAMIRA | E26: ALT | F26: 201201459 | G26: 96700 | H26: 2012 | I26: 07/11 A 10/11/12 | J26: 2.9 | K26: 3.5 | L26: 1.6 | M26: 3 | N26: 3
I27: Média | J27: =AVERAGE(J13:J26) -> 3.3071429 | K27: =AVERAGE(K13:K26) -> 3.9857143 | L27: =AVERAGE(L13:L26) -> 2.7642857 | M27: =AVERAGE(M13:M26) -> 3.2857143 | N27: =AVERAGE(N13:N26) -> 2.5714286

Sheet 2012 (GRAF)
A1: UNIVERSIDADE FEDERAL DO PARA
A2: PRÓ-REITORIA DE PLANEJAMENTO E DESENVOLVIMENTO INSTITUCIONAL
A3: DIRETORIA DE AVALIAÇÃO INSTITUCIONAL
A4: COORDENADORIA DE AUTOAVALIAÇÃO
B12: MÉDIA POR UND-ACAD
C13: D1 | D13: D2 | E13: D3
B14: ALT | C14: =AVERAGE('2012'!J15,'2012'!J21,'2012'!J24,'2012'!J26) -> 3.25 | D14: =AVERAGE('2012'!K15,'2012'!K21,'2012'!K24,'2012'!K26) -> 3.925 | E14: =AVERAGE('2012'!L15,'2012'!L21,'2012'!L24,'2012'!L26) -> 2.825
B15: CMT | C15: =AVERAGE('2012'!J14) -> 2.9 | D15: =AVERAGE('2012'!K14) -> 4.1 | E15: =AVERAGE('2012'!L14) -> 1.6
B16: CST | C16: =AVERAGE('2012'!J13) -> 2.7 | D16: =AVERAGE('2012'!K13) -> 3.9 | E16: =AVERAGE('2012'!L13) -> 2.6
B17: SOU | C17: =AVERAGE('2012'!J23) -> 3 | D17: =AVERAGE('2012'!K23) -> 3.7 | E17: =AVERAGE('2012'!L23) -> 2.2
B18: MRB | C18: =AVERAGE('2012'!J19) -> 3.1 | D18: =AVERAGE('2012'!K19) -> 4.1 | E18: =AVERAGE('2012'!L19) -> 3.3
B19: ILC | C19: =AVERAGE('2012'!J16) -> 3.5 | D19: =AVERAGE('2012'!K16) -> 3.4 | E19: =AVERAGE('2012'!L16) -> 3.6
B20: IG | C20: =(AVERAGE('2012'!J18)) -> 4.4 | D20: =(AVERAGE('2012'!K18)) -> 4.3 | E20: =(AVERAGE('2012'!L18)) -> 4.3
B21: ITEC | C21: =AVERAGE('2012'!J20) -> 5 | D21: =AVERAGE('2012'!K20) -> 5 | E21: =AVERAGE('2012'!L20) -> 4
B22: ICEN | C22: =AVERAGE('2012'!J22) -> 2.3 | D22: =AVERAGE('2012'!K22) -> 3.2 | E22: =AVERAGE('2012'!L22) -> 1.8
B23: ICB | C23: =AVERAGE('2012'!J25) -> 3.4 | D23: =AVERAGE('2012'!K25) -> 4.1 | E23: =AVERAGE('2012'!L25) -> 2.1
B24: IFCH | C24: =AVERAGE('2012'!J17) -> 3 | D24: =AVERAGE('2012'!K17) -> 4.3 | E24: =AVERAGE('2012'!L17) -> 1.9
A33: D1 - ORGANIZAÇÃO DIDÁTICO-PEDAGÓGICA - Fontes de Consulta: Plano de Desenvolvimento Institucional, Projeto Pedagógico do Curso, Relatório de Autoavaliação Institucional, Políticas Institucionais, Diretrizes Curriculares Nacionais, quando houver, Catálogo Nacional dos Cursos Superiores de Tecnologia, quando couber, Formulário Eletrônico preenchido pela IES no e-MEC.
A35: D2 - CORPO DOCENTE E TUTORIAL - Fontes de consulta: Projeto Pedagógico do Curso, Plano de Desenvolvimento Institucional, Políticas de Formação Docente, Formulário Eletrônico preenchido pela IES no e-MEC, Documentação Comprobatória e Catálogo Nacional dos Cursos Superiores de Tecnologia, quando couber.
A37: D3 - INFRAESTRUTURA - Fontes de Consulta: Projeto Pedagógico do Curso, Diretrizes Curriculares Nacionais, quando houver, Catálogo Nacional dos Cursos Superiores de Tecnologia, quando couber. Formulário Eletrônico preenchido pela IES no e-MEC e Documentação Comprobatória.

Sheet 2013
A1: UNIVERSIDADE FEDERAL DO PARA
A2: PRÓ-REITORIA DE PLANEJAMENTO E DESENVOLVIMENTO INSTITUCIONAL
A3: DIRETORIA DE AVALIAÇÃO INSTITUCIONAL
A4: COORDENADORIA DE AUTOAVALIAÇÃO
E10: MOSTRA O RELATÓRIO DA AVALIAÇÃO
A13: CURSO AVAL | B13: MOD | C13: COD-CURSO | D13: CAMPUS | E13: UND-ACAD | F13: PROC. Nº | G13: COD-AVAL | H13: ANO AVAL. | I13: PERIODO | J13: D1 | K13: D2 | L13: D3 | M13: CC | N13: AVAL
A14: QUÍMICA-EAD | B14: LIC | D14: POLO BUJARU | E14: ICEN | F14: 201113636 | G14: 96695 | H14: 2013 | I14: 24 A 270213 | J14: 3 | K14: 3.2 | L14: 3.2 | M14: 3 | N14: 2
A15: ENG. CIVIL | B15: BACH | D15: TUCURUÍ | E15: TUC | F15: 201204945 | G15: 97689 | H15: 2013 | I15: 25 A 280213 | J15: 3.2 | K15: 3.6 | L15: 3.1 | M15: 3 | N15: 3
A16: LETRAS-PORT-EAD | B16: LIC | D16: BELÉM | E16: ILC | F16: 201200143 | G16: 96388 | H16: 2013 | I16: 03 A 060313 | J16: 3.5 | K16: 4 | L16: 3.4 | M16: 4 | N16: 2
A17: EDUCAÇÃO CAMPO | B17: LIC | D17: MARABÁ | E17: MRB | F17: 201013329 | G17: 88618 | H17: 2013 | I17: 17 A 200313 | J17: 4 | K17: 4 | L17: 3 | M17: 4 | N17: 2
A18: ENG. PESCA | B18: BACH | D18: BRAGANÇA | E18: BRG | F18: 201008709 | G18: 84679 | H18: 2013 | I18: 03 A 060413 | J18: 4 | K18: 5 | L18: 1 | M18: 3 | N18: 3
A19: CIÊNCIAS NATURAIS | B19: LIC | D19: BELÉM | E19: ICEN | F19: 201112597 | G19: 98531 | H19: 2013 | I19: 17 A 200413 | J19: 3.1 | K19: 4.2 | L19: 4 | M19: 4 | N19: 3
A20: HISTÓRIA | B20: LIC | D20: BRAGANÇA | E20: BRG | F20: 201207762 | G20: 98031 | H20: 2013 | I20: 21 A 240413 | J20: 4.1 | K20: 4.8 | L20: 3.1 | M20: 4 | N20: 4
A21: ARTES VISUAIS | B21: LIC | D21: BELÉM | E21: ICA | F21: 201108850 | G21: 93690 | H21: 2013 | I21: 05 A 080513 | J21: 3.5 | K21: 4.6 | L21: 2.5 | M21: 4 | N21: 3
A22: CIÊNCIAS NATURAIS | B22: LIC | D22: BRAGANÇA | E22: BRG | F22: 201117382 | G22: 97990 | H22: 2013 | I22: 05 A 080513 | J22: 3.6 | K22: 3.5 | L22: 3.1 | M22: 3 | N22: 3
A23: ENG. ELÉTRICA | B23: BACH | D23: TUCURUÍ | E23: TUC | F23: 201206405 | G23: 98763 | H23: 2013 | I23: 05 A 080513 | J23: 3.8 | K23: 3.4 | L23: 3.4 | M23: 4 | N23: 3
A24: CIÊNCIAS NATURAIS | B24: LIC | D24: CAMETÁ | E24: CMT | F24: 201203940 | G24: 97999 | H24: 2013 | I24: 02 A 050613 | J24: 2.9 | K24: 3.4 | L24: 1.8 | M24: 3 | N24: 2
A25: BIOTECNOLOGIA | B25: BACH | D25: BELÉM | E25: ICB | F25: 201203362 | G25: 96504 | H25: 2013 | I25: 17 A 200713 | J25: 3.5 | K25: 3.9 | L25: 2.5 | M25: 3 | N25: 2
... A32: LETRAS | B32: LIC | D32: BREVES | E32: BRV | F32: 201216487 | G32: 99223 | H32: 2013 | I32: 02 A 051013 | J32: 3.1 | K32: 3.6 | L32: 2.4 | M32: 3 | N32: 2
A33: CIÊNCIAS NATURAIS | B33: LIC | D33: MARABÁ | E33: MRB | H33: 2013 | I33: 30 A 021113 | J33: 2.6 | K33: 4.1 | L33: 2.1 | M33: 3 | N33: 3 | O33: Não tem disponível
A34: SEDE-EAD | D34: BELÉM (SEDE) | E34: UFPA-EAD | F34: 201203603 | G34: 100904 | H34: 2013 | I34: 22 A 261013 | J34: 5 | K34: 2 | L34: 4 | M34: 3 | N34: 5
I35: Média | J35: =AVERAGE(J14:J34) -> 3.5142857 | K35: =AVERAGE(K14:K34) -> 3.9095238 | L35: =AVERAGE(L14:L34) -> 2.8619048 | M35: =AVERAGE(M14:M34) -> 3.4285714 | N35: =AVERAGE(N14:N34) -> 2.6666667

Sheet 2013 (GRAF)
A1: UNIVERSIDADE FEDERAL DO PARA
A2: PRÓ-REITORIA DE PLANEJAMENTO E DESENVOLVIMENTO INSTITUCIONAL
A3: DIRETORIA DE AVALIAÇÃO INSTITUCIONAL
A4: COORDENADORIA DE AUTOAVALIAÇÃO
B13: MÉDIA POR UND-ACAD
B14: UND-ACAD | C14: D1 | D14: D2 | E14: D3
B15: ABT | C15: =AVERAGE('2013'!J26) -> 2.5 | D15: =AVERAGE('2013'!K26) -> 3.7 | E15: =AVERAGE('2013'!L26) -> 2.8
B16: ALT | C16: =AVERAGE('2013'!J27) -> 4 | D16: =AVERAGE('2013'!K27) -> 4 | E16: =AVERAGE('2013'!L27) -> 2
B17: BRG | C17: =AVERAGE('2013'!J18,'2013'!J20,'2013'!J22,'2013'!J29) -> 3.95 | D17: =AVERAGE('2013'!K18,'2013'!K20,'2013'!K22,'2013'!K29) -> 4.475 | E17: =AVERAGE('2013'!L18,'2013'!L20,'2013'!L22,'2013'!L29) -> 2.625
B18: BRV | C18: =AVERAGE('2013'!J32) -> 3.1 | D18: =AVERAGE('2013'!K32) -> 3.6 | E18: =AVERAGE('2013'!L32) -> 2.4
B19: CMT | C19: =AVERAGE('2013'!J24,'2013'!J31) -> 2.95 | D19: =AVERAGE('2013'!K24,'2013'!K31) -> 3.7 | E19: =AVERAGE('2013'!L24,'2013'!L31) -> 2.1
B20: ICA | C20: =AVERAGE('2013'!J21) -> 3.5 | D20: =AVERAGE('2013'!K21) -> 4.6 | E20: =AVERAGE('2013'!L21) -> 2.5
B21: ICB | C21: =AVERAGE('2013'!J25) -> 3.5 | D21: =AVERAGE('2013'!K25) -> 3.9 | E21: =AVERAGE('2013'!L25) -> 2.5
B22: ICEN | C22: =AVERAGE('2013'!J14,'2013'!J19) -> 3.05 | D22: =AVERAGE('2013'!K14,'2013'!K19) -> 3.7 | E22: =AVERAGE('2013'!L14,'2013'!L19) -> 3.6
B23: ILC | C23: =AVERAGE('2013'!M16,'2013'!J30) -> 3.9 | D23: =AVERAGE('2013'!N16,'2013'!K30) -> 3.1 | E23: =AVERAGE('2013'!O16,'2013'!L30) -> 3.6
B24: ITEC | C24: =AVERAGE('2013'!J28) -> 3.5 | D24: =AVERAGE('2013'!K28) -> 4.3 | E24: =AVERAGE('2013'!L28) -> 3.4
B25: MRB | C25: =AVERAGE('2013'!J17,'2013'!J33) -> 3.3 | D25: =AVERAGE('2013'!K17,'2013'!K33) -> 4.05 | E25: =AVERAGE('2013'!L17,'2013'!L33) -> 2.55
B26: TUC | C26: =AVERAGE('2013'!J34) -> 5 | D26: 3.5 | E26: 3.25
B27: UFPA-EAD | C27: =AVERAGE('2013'!J34) -> 5 | D27: =AVERAGE('2013'!K34) -> 2 | E27: =AVERAGE('2013'!L34) -> 4
A36: D1 - ORGANIZAÇÃO DIDÁTICO-PEDAGÓGICA - Fontes de Consulta: Plano de Desenvolvimento Institucional, Projeto Pedagógico do Curso, Relatório de Autoavaliação Institucional, Políticas Institucionais, Diretrizes Curriculares Nacionais, quando houver, Catálogo Nacional dos Cursos Superiores de Tecnologia, quando couber, Formulário Eletrônico preenchido pela IES no e-MEC.
A38: D2 - CORPO DOCENTE E TUTORIAL - Fontes de consulta: Projeto Pedagógico do Curso, Plano de Desenvolvimento Institucional, Políticas de Formação Docente, Formulário Eletrônico preenchido pela IES no e-MEC, Documentação Comprobatória e Catálogo Nacional dos Cursos Superiores de Tecnologia, quando couber.
A40: D3 - INFRAESTRUTURA - Fontes de Consulta: Projeto Pedagógico do Curso, Diretrizes Curriculares Nacionais, quando houver, Catálogo Nacional dos Cursos Superiores de Tecnologia, quando couber. Formulário Eletrônico preenchido pela IES no e-MEC e Documentação Comprobatória.

Sheet 2014
A1: UNIVERSIDADE FEDERAL DO PARA
A2: PRÓ-REITORIA DE PLANEJAMENTO E DESENVOLVIMENTO INSTITUCIONAL
A3: DIRETORIA DE AVALIAÇÃO INSTITUCIONAL
A4: COORDENADORIA DE AUTOAVALIAÇÃO
E10: MOSTRA O RELATÓRIO DA AVALIAÇÃO
A13: CURSO | B13: MOD | C13: COD-CURSO | D13: CAMPUS | E13: UND-ACAD | F13: PROC. Nº | G13: COD-AVAL | H13: ANO AVAL. | I13: PERIODO | J13: D1 | K13: D2 | L13: D3 | M13: CC | N13: AVAL
A14: ENG.MATERIAIS | B14: BACH | D14: ANANINDEUA | E14: ANA | F14: 201302215 | G14: 104523 | H14: 2014 | I14: 05 A 08/02/14 | J14: 3.4 | K14: 4 | L14: 2.9 | M14: 3 | N14: 3
A15: EAD | B15: - | D15: CAPANEMA | E15: UFPA | F15: 201203603 | G15: 100906 | H15: 2014 | I15: 16 A 20/02/14 | J15: 2 | K15: 2 | L15: 3 | M15: 2 | N15: 2
A16: ENG. INDUSTRIAL | B16: BACH | D16: ABAETETUBA | E16: ABT | F16: 201013883 | G16: 88057 | H16: 2014 | I16: 09 A 12/02/14 | J16: 3 | K16: 4 | L16: 3 | M16: 3 | N16: 2
A17: INTER-DISCIPLINAR INTEGRADA EM EDUCAÇÃO, CIÊNCIAS, MATEMÁTICA E LINGUAGEM | B17: LIC | D17: IEMCI-BELÉM | E17: IEMCI | F17: 201203179 | G17: 98943 | H17: 2014 | I17: 09 A 12/02/14 | J17: 4.1 | K17: 4.8 | L17: 3.4 | M17: 4 | N17: 2
A18: ADM.PÚBLICA - EAD | B18: BACH | D18: BELÉM-EAD | E18: ICSA | F18: 201305868 | G18: 100591 | H18: 2014 | I18: 09 A 12/03/14 | J18: 4.4 | K18: 4.5 | L18: 4.1 | M18: 4 | N18: 4
A19: AGRONOMIA | B19: BACH | D19: CAMETÁ | E19: CMT | F19: 201413846 | G19: 116285 | H19: 2014 | I19: 14 A 17/12/2014 | J19: 3.2 | K19: 4.4 | L19: 2.3 | M19: 3 | N19: 2
A20: LETRAS-INGLÊS | B20: LIC | D20: CAMETÁ | E20: CMT | F20: 201208072 | G20: 100926 | H20: 2014 | I20: 09 A 12/03/14 | J20: 4 | K20: 4.5 | L20: 2.8 | M20: 4 | N20: 4
A21: MUSEOLOGIA | B21: BACH | D21: BELÉM | E21: ICA | F21: 201203361 | G21: 108398 | H21: 2014 | I21: 27 A 30/04/2014 | J21: 3.8 | K21: 4.2 | L21: 2.6 | M21: 4 | N21: 4
A22: FISIOTERAPIA | B22: BACH | D22: BELÉM | E22: ICS | F22: 201300118 | G22: 108467 | H22: 2014 | I22: 27 A 30/04/2014 | J22: 4.3 | K22: 4.1 | L22: 2.5 | M22: 4 | N22: 4
A23: MEDICINA | B23: BACH | D23: BELÉM | E23: ICS | F23: 201101339 | G23: 109100 | H23: 2014 | I23: 11 A 14/05/2014 | J23: 3.3 | K23: 4.1 | L23: 3.3 | M23: 4 | N23: 3
A24: ETNODESENVOLVIMENTO | B24: BACH | D24: ALTAMIRA | E24: ALT | F24: 201200573 | G24: 101607 | H24: 2014 | I24: 21 A 24/05/2014 | J24: 3.4 | K24: 3.4 | L24: 2.8 | M24: 3 | N24: 1
A25: DANÇA | B25: LIC | D25: BELÉM | E25: ICA | F25: 201007991 | G25: 85886 | H25: 2014 | I25: 25 A 28/05/2014 | J25: 5 | K25: 5 | L25: 4 | M25: 5 | N25: 4
... A29: GEOFÍSICA | B29: BACH | D29: BELÉM | E29: IG | F29: 201350666 | G29: 104113 | H29: 2014 | I29: 21 a 24/09/2014 | J29: 3.9 | K29: 4.2 | L29: 3.3 | M29: 4 | N29: 3
A30: GEOGRAFIA | B30: LIC | D30: BELÉM | E30: IFCH | I30: 30/11 A 03/12/2014 | J30: 3.1 | K30: 4 | L30: 3.8 | M30: 4 | N30: 3
A31: LETRAS INGLES | B31: LIC | D31: SOURE | E31: SOU | F31: 201357622 | G31: 107640 | H31: 2014 | I31: 24 a 27/09/2014 | J31: 3 | K31: 3 | L31: 1.9 | M31: 3 | N31: 3
A32: COM.SOC-JORNALISMO | B32: BACH | D32: BELEM | E32: ILC | F32: 201360675 | G32: 115517 | H32: 2014 | I32: 14 A 17/12/2014 | J32: 3.1 | K32: 4.4 | L32: 2.8 | M32: 3 | N32: 2
A33: DIREITO | B33: BACH | D33: BELÉM | E33: ICJ | F33: 201402776 | G33: 110014 | H33: 2014 | I33: 09 A 12/11/14 | J33: 3.1 | K33: 3.9 | L33: 2.8 | M33: 3 | N33: 2
A34: TERAPIA OCUPACIONAL | B34: BACH | D34: BELEM | E34: ICS | F34: 201357216 | G34: 107207 | H34: 2014 | I34: 23 A 26/11/2014 | J34: 3.3 | K34: 3.9 | L34: 2.7 | M34: 3 | N34: 3
A35: EAD - MARABA | B35: - | D35: MARABA | E35: MRB | F35: 201203603 | G35: 100907 | H35: 2014 | I35: 41737 | J35: 3 | K35: 3 | L35: 3 | M35: 3 | N35: 3
A36: EAD - Campus UFPA | B36: - | D36: BELÉM | E36: UFPA | F36: 201203603 | G36: 100905 | H36: 2014 | I36: 03 A 06/08/2014 | J36: 2 | K36: 2 | L36: 3 | M36: 3 | N36: 2
I37: Média | J37: =AVERAGE(J14:J36) -> 3.4347826 | K37: =AVERAGE(K14:K36) -> 3.9 | L37: =AVERAGE(L14:L36) -> 3.0565217 | M37: =AVERAGE(M14:M36) -> 3.4782609 | N37: =AVERAGE(N14:N36) -> 2.8695652

Sheet 2014 (GRAF)
A1: UNIVERSIDADE FEDERAL DO PARA
A2: PRÓ-REITORIA DE PLANEJAMENTO E DESENVOLVIMENTO INSTITUCIONAL
A3: DIRETORIA DE AVALIAÇÃO INSTITUCIONAL
A4: COORDENADORIA DE AUTOAVALIAÇÃO
C11: UND-ACAD | D11: D1 | E11: D2 | F11: D3
C12: ABT | D12: =AVERAGE('2014'!J27) -> 3.8 | E12: =AVERAGE('2014'!K27) -> 3.7 | F12: =AVERAGE('2014'!L27) -> 3.5
C13: ALT | D13: =AVERAGE('2014'!J24) -> 3.4 | E13: =AVERAGE('2014'!K24) -> 3.4 | F13: =AVERAGE('2014'!L24) -> 2.8
C14: ANA | D14: =AVERAGE('2014'!J14) -> 3.4 | E14: =AVERAGE('2014'!K14) -> 4 | F14: =AVERAGE('2014'!L14) -> 2.9
C15: CMT | D15: =AVERAGE('2014'!J19,'2014'!J20) -> 3.6 | E15: =AVERAGE('2014'!K19,'2014'!K20) -> 4.45 | F15: =AVERAGE('2014'!L19,'2014'!L20) -> 2.55
C16: CST | D16: =AVERAGE('2014'!J28) -> 3.5 | E16: =AVERAGE('2014'!K28) -> 4.9 | F16: =AVERAGE('2014'!L28) -> 4
C17: ICA | D17: =AVERAGE('2014'!J21,'2014'!J25) -> 4.4 | E17: =AVERAGE('2014'!K21,'2014'!K25) -> 4.6 | F17: =AVERAGE('2014'!L21,'2014'!L25) -> 3.3
C18: ICJ | D18: =AVERAGE('2014'!J33) -> 3.1 | E18: =AVERAGE('2014'!K33) -> 3.9 | F18: =AVERAGE('2014'!L33) -> 2.8
C19: ICS | D19: =AVERAGE('2014'!J22,'2014'!J23,'2014'!J34) -> 3.6333333 | E19: =AVERAGE('2014'!K22,'2014'!K23,'2014'!K34) -> 4.0333333 | F19: =AVERAGE('2014'!L22,'2014'!L23,'2014'!L34) -> 2.8333333
C20: ICSA | D20: =AVERAGE('2014'!J18) -> 4.4 | E20: =AVERAGE('2014'!K18) -> 4.5 | F20: =AVERAGE('2014'!L18) -> 4.1
C21: IEMCI | D21: =AVERAGE('2014'!J17) -> 4.1 | E21: =AVERAGE('2014'!K17) -> 4.8 | F21: =AVERAGE('2014'!L17) -> 3.4
C22: IFCH | D22: =AVERAGE('2014'!J30) -> 3.1 | E22: =AVERAGE('2014'!K30) -> 4 | F22: =AVERAGE('2014'!L30) -> 3.8
C23: IG | D23: =AVERAGE('2014'!J29) -> 3.9 | E23: =AVERAGE('2014'!K29) -> 4.2 | F23: =AVERAGE('2014'!L29) -> 3.3
C24: ILC | D24: =AVERAGE('2014'!J26,'2014'!J32) -> 3.2 | E24: =AVERAGE('2014'!K26,'2014'!K32) -> 4.05 | F24: =AVERAGE('2014'!L26,'2014'!L32) -> 2.8
C25: MRB | D25: =AVERAGE('2014'!J35) -> 3 | E25: =AVERAGE('2014'!K35) -> 3 | F25: =AVERAGE('2014'!L35) -> 3
C26: SOU | D26: =AVERAGE('2014'!J31) -> 3 | E26: =AVERAGE('2014'!K31) -> 3 | F26: =AVERAGE('2014'!L31) -> 1.9
C27: UFPA | D27: =AVERAGE('2014'!J15,'2014'!J36) -> 2 | E27: =AVERAGE('2014'!K15,'2014'!K36) -> 2 | F27: =AVERAGE('2014'!L15,'2014'!L36) -> 3
A39: D1 - ORGANIZAÇÃO DIDÁTICO-PEDAGÓGICA - Fontes de Consulta: Plano de Desenvolvimento Institucional, Projeto Pedagógico do Curso, Relatório de Autoavaliação Institucional, Políticas Institucionais, Diretrizes Curriculares Nacionais, quando houver, Catálogo Nacional dos Cursos Superiores de Tecnologia, quando couber, Formulário Eletrônico preenchido pela IES no e-MEC.
A41: D2 - CORPO DOCENTE E TUTORIAL - Fontes de consulta: Projeto Pedagógico do Curso, Plano de Desenvolvimento Institucional, Políticas de Formação Docente, Formulário Eletrônico preenchido pela IES no e-MEC, Documentação Comprobatória e Catálogo Nacional dos Cursos Superiores de Tecnologia, quando couber.
A43: D3 - INFRAESTRUTURA - Fontes de Consulta: Projeto Pedagógico do Curso, Diretrizes Curriculares Nacionais, quando houver, Catálogo Nacional dos Cursos Superiores de Tecnologia, quando couber. Formulário Eletrônico preenchido pela IES no e-MEC e Documentação Comprobatória.

Sheet 2015
D10: MOSTRA O RELATÓRIO DA AVALIAÇÃO
A14: CURSO | B14: MOD | C14: COD-CURSO | D14: CAMPUS | E14: UND-ACAD | F14: PROC. Nº | G14: COD-AVAL | H14: ANO AVAL. | I14: PERIODO | J14: D1 | K14: D2 | L14: D3 | M14: CC | N14: AVAL
A15: SISTEMA DE INFORMAÇÃO | B15: BACH | D15: CAMETÁ | E15: CMT | F15: 201356894 | G15: 107052 | H15: 2015 | I15: 08 A 11/02/2015 | J15: 3.5 | K15: 4 | L15: 2.9 | M15: 3 | N15: 2
A16: ARTES VISUAIS | B16: BACH | D16: BELÉM | E16: ICA | F16: 201350143 | G16: 104053 | H16: 2015 | I16: 22 A 25/02/2015 | J16: 4.1 | K16: 4.5 | L16: 3.8 | M16: 4 | N16: 3
A17: PRODUÇÃO MULTIMÍDIA | B17: TEC | D17: BELÉM | E17: ICA | F17: 201403408 | G17: 110470 | H17: 2015 | I17: 12 A 15/04/2015 | J17: 3.8 | K17: 4.4 | L17: 3.2 | M17: 4 | N17: 3
A18: COM.SOCIAL-PUB | B18: BACH | D18: BELÉM | E18: ILC | F18: 201407696 | G18: 112181 | H18: 2015 | I18: 03 A 06/05/2015 | J18: 3.4 | K18: 4.6 | L18: 2.8 | M18: 4 | N18: 3
A19: PEDAGOGIA | B19: LIC | D19: BREVES | E19: BRV | F19: 201216494 | G19: 99224 | H19: 2015 | I19: 21 a 24/06/2015 | J19: 4.1 | K19: 4.3 | L19: 3.5 | M19: 4 | N19: 3
A20: LETRAS - ESPANHOL | B20: LIC | D20: ABAETETUBA | E20: ABT | F20: 201357263 | G20: 107071 | H20: 2015 | I20: 02 A 05/08/015 | J20: 3.5 | K20: 2.3 | L20: 3.1 | M20: 3 | N20: 4
A21: LETRAS - ESPANHOL | B21: LIC | D21: CASTANHAL | E21: CST | F21: 201357270 | G21: 107115 | H21: 2015 | I21: 16 a 19/09/015 | J21: 3.8 | K21: 4.6 | L21: 3.6 | M21: 4 | N21: 3
A22: BIBLIOTECONOMIA | B22: BACH | D22: BELÉM | E22: ICSA | F22: 201410728 | G22: 119796 | H22: 2015 | I22: 18 A 21/11/015 | J22: 3.4 | K22: 4.6 | L22: 2.7 | M22: 4 | N22: 1
I23: Média | J23: =AVERAGE(J15:J22) -> 3.7 | K23: =AVERAGE(K15:K22) -> 4.1625 | L23: =AVERAGE(L15:L22) -> 3.2 | M23: =AVERAGE(M15:M22) -> 3.75 | N23: =AVERAGE(N15:N22) -> 2.75

Sheet 2015 (GRAF)
A1: UNIVERSIDADE FEDERAL DO PARA
A2: PRÓ-REITORIA DE PLANEJAMENTO E DESENVOLVIMENTO INSTITUCIONAL
A3: DIRETORIA DE AVALIAÇÃO INSTITUCIONAL
A4: COORDENADORIA DE AUTOAVALIAÇÃO
C11: UND ACAD | D11: D1 | E11: D2 | F11: D3
C12: ABT | D12: =AVERAGE('2015'!J20) -> 3.5 | E12: =AVERAGE('2015'!K20) -> 2.3 | F12: =AVERAGE('2015'!L20) -> 3.1
C13: BRV | D13: =AVERAGE('2015'!J19) -> 4.1 | E13: =AVERAGE('2015'!K19) -> 4.3 | F13: =AVERAGE('2015'!L19) -> 3.5
C14: CST | D14: =AVERAGE('2015'!J21) -> 3.8 | E14: =AVERAGE('2015'!K21) -> 4.6 | F14: =AVERAGE('2015'!L21) -> 3.6
C15: CMT | D15: =AVERAGE('2015'!J15) -> 3.5 | E15: =AVERAGE('2015'!K15) -> 4 | F15: =AVERAGE('2015'!L15) -> 2.9
C16: ICA | D16: =AVERAGE('2015'!J16,'2015'!J17) -> 3.95 | E16: =AVERAGE('2015'!K16,'2015'!K17) -> 4.45 | F16: =AVERAGE('2015'!L16,'2015'!L17) -> 3.5
C17: ICSA | D17: =AVERAGE('2015'!J22) -> 3.4 | E17: =AVERAGE('2015'!K22) -> 4.6 | F17: =AVERAGE('2015'!L22) -> 2.7
C18: ILC | D18: =AVERAGE('2015'!J18) -> 3.4 | E18: =AVERAGE('2015'!K18) -> 4.6 | F18: =AVERAGE('2015'!L18) -> 2.8
A34: D1 - ORGANIZAÇÃO DIDÁTICO-PEDAGÓGICA - Fontes de Consulta: Plano de Desenvolvimento Institucional, Projeto Pedagógico do Curso, Relatório de Autoavaliação Institucional, Políticas Institucionais, Diretrizes Curriculares Nacionais, quando houver, Catálogo Nacional dos Cursos Superiores de Tecnologia, quando couber, Formulário Eletrônico preenchido pela IES no e-MEC.
A36: D2 - CORPO DOCENTE E TUTORIAL - Fontes de consulta: Projeto Pedagógico do Curso, Plano de Desenvolvimento Institucional, Políticas de Formação Docente, Formulário Eletrônico preenchido pela IES no e-MEC, Documentação Comprobatória e Catálogo Nacional dos Cursos Superiores de Tecnologia, quando couber.
A38: D3 - INFRAESTRUTURA - Fontes de Consulta: Projeto Pedagógico do Curso, Diretrizes Curriculares Nacionais, quando houver, Catálogo Nacional dos Cursos Superiores de Tecnologia, quando couber. Formulário Eletrônico preenchido pela IES no e-MEC e Documentação Comprobatória.

Sheet 2016
A1: UNIVERSIDADE FEDERAL DO PARA
A2: PRÓ-REITORIA DE PLANEJAMENTO E DESENVOLVIMENTO INSTITUCIONAL
A3: DIRETORIA DE AVALIAÇÃO INSTITUCIONAL
A4: COORDENADORIA DE AUTOAVALIAÇÃO
E10: MOSTRA O RELATÓRIO DA AVALIAÇÃO
A13: CURSO | B13: MOD | C13: COD-CURSO | D13: CAMPUS | E13: UND-ACAD | F13: PROC. Nº | G13: COD-AVAL | H13: ANO AVAL. | I13: PERÍODO | J13: D1 | K13: D2 | L13: D3 | M13: CC | N13: AVAL
A14: ADMINISTRAÇÃO | B14: BACH | C14: 11989 | D14: BELÉM | E14: ICSA | F14: 201410961 | G14: 120548 | H14: 2016 | I14: 21 A 24/02 | J14: 3.2 | K14: 4.3 | L14: 3.1 | M14: 4 | N14: 3
A15: EDUCAÇÃO DO CAMPO | B15: LIC | C15: 1134445 | D15: ABAETETUBA | E15: ABT | F15: 201208909 | G15: 99807 | H15: 2016 | I15: 28/02 A 02/03 | J15: 4.3 | K15: 4.8 | L15: 4 | M15: 4 | N15: 3
A16: GEOGRAFIA | B16: LIC | C16: 1194057 | D16: CAMETÁ | E16: CMT | F16: 201501047 | G16: 123420 | H16: 2016 | I16: 09/03 A 12/03 | J16: 3.1 | K16: 4.1 | L16: 1.7 | M16: 3 | N16: 2
A17: CINEMA E AUDIOVISUAL | B17: TEC | C17: 1148597 | D17: BELÉM | E17: ICA | F17: 201207562 | G17: 99568 | H17: 2016 | I17: 03 A 03/04 | J17: 3.1 | K17: 3.8 | L17: 3.4 | M17: 3 | N17: 3
A18: GEOGRAFIA | B18: BACH | C18: 311991 | D18: BELÉM | E18: IFCH | F18: 201217042 | G18: 125503 | H18: 2016 | I18: 03 A 06/08/16 | J18: 3.4 | K18: 4.2 | L18: 2.5 | M18: 3 | N18: 3
A19: AGRONOMIA | B19: BACH | C19: 53101 | D19: ALTAMIRA | E19: ALT | F19: 201418317 | G19: 125528 | H19: 2016 | I19: 05 a 08/10/16 | J19: 3.1 | K19: 3.8 | L19: 2.3 | M19: 3 | N19: 3
A20: ENG. TELECOMUNICAÇÕES | B20: BACH | C20: 1179144 | D20: BELÉM | E20: ITEC | F20: 201413841 | G20: 117136 | H20: 2016 | I20: 30/11 A 03/12 | J20: 2.9 | K20: 4.4 | L20: 2.5 | M20: 3 | N20: 2
A21: GEOPROCESSAMENTO | B21: TEC | C21: 1299461 | D21: ANANINDEUA | E21: ANA | F21: 201602247 | G21: 127685 | H21: 2016 | I21: 11 A 14/12 | J21: 3.8 | K21: 4.1 | L21: 3.2 | M21: 4 | N21: 3
I22: Média | J22: =AVERAGE(J14:J21) -> 3.3625 | K22: =AVERAGE(K14:K21) -> 4.1875 | L22: =AVERAGE(L14:L21) -> 2.8375 | M22: =AVERAGE(M14:M21) -> 3.375 | N22: =AVERAGE(N14:N21) -> 2.75

Sheet 2016 (GRAF)
A1: UNIVERSIDADE FEDERAL DO PARA
A2: PRÓ-REITORIA DE PLANEJAMENTO E DESENVOLVIMENTO INSTITUCIONAL
A3: DIRETORIA DE AVALIAÇÃO INSTITUCIONAL
A4: COORDENADORIA DE AUTOAVALIAÇÃO
E12: D1 | F12: D2 | G12: D3
D13: ABT | E13: =AVERAGE('2016'!J15) -> 4.3 | F13: =AVERAGE('2016'!K15) -> 4.8 | G13: =AVERAGE('2016'!L15) -> 4
D14: ALT | E14: =AVERAGE('2016'!J19) -> 3.1 | F14: =AVERAGE('2016'!K19) -> 3.8 | G14: =AVERAGE('2016'!L19) -> 2.3
D15: ANA | E15: =AVERAGE('2016'!J21) -> 3.8 | F15: =AVERAGE('2016'!K21) -> 4.1 | G15: =AVERAGE('2016'!L21) -> 3.2
D16: CMT | E16: =AVERAGE('2016'!J16) -> 3.1 | F16: =AVERAGE('2016'!K16) -> 4.1 | G16: =AVERAGE('2016'!L16) -> 1.7
D17: ICA | E17: =AVERAGE('2016'!J17) -> 3.1 | F17: 3.8 | G17: 3.4
D18: ICSA | E18: 3.2 | F18: 3.2 | G18: 3.2
D19: IFCH | E19: =AVERAGE('2016'!J18) -> 3.4 | F19: =AVERAGE('2016'!K18) -> 4.2 | G19: =AVERAGE('2016'!L18) -> 2.5
D20: ITEC | E20: =AVERAGE('2016'!J20) -> 2.9 | F20: =AVERAGE('2016'!K20) -> 4.4 | G20: =AVERAGE('2016'!L20) -> 2.5
A34: D1 - ORGANIZAÇÃO DIDÁTICO-PEDAGÓGICA - Fontes de Consulta: Plano de Desenvolvimento Institucional, Projeto Pedagógico do Curso, Relatório de Autoavaliação Institucional, Políticas Institucionais, Diretrizes Curriculares Nacionais, quando houver, Catálogo Nacional dos Cursos Superiores de Tecnologia, quando couber, Formulário Eletrônico preenchido pela IES no e-MEC.
A36: D2 - CORPO DOCENTE E TUTORIAL - Fontes de consulta: Projeto Pedagógico do Curso, Plano de Desenvolvimento Institucional, Políticas de Formação Docente, Formulário Eletrônico preenchido pela IES no e-MEC, Documentação Comprobatória e Catálogo Nacional dos Cursos Superiores de Tecnologia, quando couber.
A38: D3 - INFRAESTRUTURA - Fontes de Consulta: Projeto Pedagógico do Curso, Diretrizes Curriculares Nacionais, quando houver, Catálogo Nacional dos Cursos Superiores de Tecnologia, quando couber. Formulário Eletrônico preenchido pela IES no e-MEC e Documentação Comprobatória.

Sheet 2017
B1: UNIVERSIDADE FEDERAL DO PARA
B2: PRÓ-REITORIA DE PLANEJAMENTO E DESENVOLVIMENTO INSTITUCIONAL
B3: DIRETORIA DE AVALIAÇÃO INSTITUCIONAL
B4: COORDENADORIA DE AUTOAVALIAÇÃO
D10: MOSTRA O RELATÓRIO DA AVALIAÇÃO | J10: RELATÓRIO PÓS PROT. COMP.
B13: CURSO | C13: MOD | D13: COD-CURSO | E13: CAMPUS | F13: UND-ACAD | G13: PROC. Nº | H13: COD-AVAL | I13: ANO AVAL. | J13: INICIO | K13: D1 | L13: D2 | M13: D3 | N13: CC | O13: AVAL
B14: FÍSICA - EAD | C14: LIC | D14: 1202639 | E14: Belém | F14: ICEN | G14: 201505783 | H14: 127391 | I14: 2017 | J14: 42830 | K14: 3.2 | L14: 3.8 | M14: 3.5 | N14: 3 | O14: 4
B15: ARQUIVOLOGIA | C15: BACH | D15: 1179143 | E15: Belém | F15: ICSA | G15: 201413605 | H15: 116261 | I15: 2017 | J15: 42834 | K15: 4 | L15: 4.7 | M15: 2.5 | N15: 4 | O15: 4
B16: LETRAS INGLES | C16: LIC | D16: 114877 | E16: Altamira | F16: ALT | G16: 201207537 | H16: 123732 | I16: 2017 | J16: 42858 | K16: 3.9 | L16: 4.6 | M16: 3.4 | N16: 4 | O16: 4
B17: LETRAS PORTUGUES | C17: LIC | D17: 114876 | E17: Altamira | F17: ALT | G17: 201201183 | H17: 123509 | I17: 2017 | J17: 42865 | K17: 3.8 | L17: 4.4 | M17: 3.8 | N17: 4 | O17: 3
B18: LETRAS INGLES | C18: LIC | D18: 95652 | E18: Soure | F18: SOU | G18: 201357622 | H18: 125702 | I18: 2017 | J18: 42872 | K18: 3.6 | L18: 4.7 | M18: 3.6 | N18: 4 | O18: 4
B19: AGRONOMIA | C19: BACH | D19: 1179151 | E19: Cametá | F19: CMT | G19: 201413846 | H19: 130974 | I19: 2017 | J19: 42890 | K19: 3.5 | L19: 3.6 | M19: 3.4 | N19: 4 | O19: 3
B20: GEOLOGIA | C20: BACH | D20: 12005 | E20: Belém | F20: IG | G20: 201617017 | H20: 135906 | I20: 2017 | J20: 42907 | K20: 4.5 | L20: 4.6 | M20: 4.2 | N20: 4 | O20: 5
B21: CIENCIAS NATURAIS | C21: LIC | E21: Bragança | F21: BRG | G21: 201616997 | H21: 135902 | I21: 2017 | J21: 42946 | K21: 3.6 | L21: 3.8 | M21: 3.1 | N21: 4 | O21: 3
B22: CIENCIAS NATURAIS | C22: LIC | E22: Belém | F22: ICEN | G22: 201616942 | H22: 135897 | I22: 2017 | J22: 42949 | K22: 3.3 | L22: 3.9 | M22: 3.3 | N22: 3 | O22: 3
B23: ETNODESENVOLVIMENTO | C23: BACH | E23: Altamira | F23: ALT | G23: 201501042 | H23: 123734 | I23: 2017 | J23: 42949 | K23: 3.2 | L23: 4.8 | M23: 2.9 | N23: 4 | O23: 3
B24: CIENCIA E TECNOLOGIA | C24: BACH | E24: Ananindeua | F24: ANA | G24: 201506093 | H24: 124705 | I24: 2017 | J24: 42953 | K24: 2.5 | L24: 3.9 | M24: 2.5 | N24: 3 | O24: 2
B25: EDUCAÇÃO DO CAMPO | C25: LIC | E25: Cametá | F25: CMT | G25: 201607682 | H25: 130677 | I25: 2017 | J25: 42953 | K25: 3.6 | L25: 4.3 | M25: 2.6 | N25: 4 | O25: 4
B26: QUIMICA INDUSTRIAL | C26: BACH | E26: Belém | F26: ICEN | G26: 201616945 | H26: 135898 | I26: 2017 | J26: 42963 | K26: 2.4 | L26: 3.5 | M26: 2.3 | N26: 3 | O26: 2
B27: MEDICINA VETERINARIA | C27: BACH | E27: Castanhal | F27: IMV | G27: 201503693 | H27: 132597 | I27: 2017 | J27: 42963 | K27: 3 | L27: 4.1 | M27: 3.3 | N27: 3 | O27: 2
B28: FISICA | C28: LIC | E28: Abaetetuba | F28: ABT | G28: 201617002 | H28: 136961 | I28: 2017 | J28: 42995 | K28: 4.1 | L28: 3.9 | M28: 3.8 | N28: 4 | O28: 3
B29: ENG. SANITARIA | C29: BACH | E29: Tucuruí | F29: TUC | G29: 201602245 | H29: 127683 | I29: 2017 | J29: 42995 | K29: 3.7 | L29: 4 | M29: 3.1 | N29: 4 | O29: 3
B30: MATEMATICA | C30: LIC | E30: Cameta | F30: CMT | G30: 201616763 | H30: 137891 | I30: 2017 | J30: 42998 | K30: 2.9 | L30: 3.8 | M30: 3 | N30: 3 | O30: 3
B31: ETNODESENVOLVIMENTO | C31: LIC | E31: Altamira | F31: ALT | G31: 201501043 | H31: 123735 | I31: 2017 | J31: 43005 | K31: 4.2 | L31: 4.4 | M31: 3.1 | N31: 4 | O31: 3
B32: Eng. Biomédica | C32: BACH | E32: Belém | F32: ITEC | G32: 201505762 | H32: 124704 | I32: 2017 | J32: 43023 | K32: 4.1 | L32: 3.8 | M32: 4.2 | N32: 4 | O32: 2
... B36: Eng. Ferroviária | C36: BACH | E36: Belém | F36: ITEC | G36: 201607684 | H36: 130689 | I36: 2017 | J36: 43068 | K36: 3.3 | L36: 4.3 | M36: 2.6 | N36: 3 | O36: 3
J37: Média | K37: =AVERAGE(K14:K36) -> 3.5782609 | L37: =AVERAGE(L14:L36) -> 4.1695652 | M37: =AVERAGE(M14:M36) -> 3.2826087 | N37: =AVERAGE(N14:N36) -> 3.6956522 | O37: =AVERAGE(O14:O36) -> 3.173913

Sheet 2017 (GRAF)
A1: UNIVERSIDADE FEDERAL DO PARA
A2: PRÓ-REITORIA DE PLANEJAMENTO E DESENVOLVIMENTO INSTITUCIONAL
A3: DIRETORIA DE AVALIAÇÃO INSTITUCIONAL
A4: COORDENADORIA DE AUTOAVALIAÇÃO
E14: UND-ACAD | F14: D1 | G14: D2 | H14: D3
E15: ABT | F15: =AVERAGE('2017'!K28,'2017'!K33) -> 3.9 | G15: =AVERAGE('2017'!L28,'2017'!L33) -> 3.95 | H15: =AVERAGE('2017'!M28,'2017'!M33) -> 3.65
E16: ALT | F16: =AVERAGE('2017'!K16,'2017'!K17,'2017'!K23,'2017'!K31) -> 3.775 | G16: =AVERAGE('2017'!L16,'2017'!L17,'2017'!L23,'2017'!L31) -> 4.55 | H16: =AVERAGE('2017'!M16,'2017'!M17,'2017'!M23,'2017'!M31) -> 3.3
E17: ANA | F17: =AVERAGE('2017'!K24) -> 2.5 | G17: =AVERAGE('2017'!L24) -> 3.9 | H17: =AVERAGE('2017'!M24) -> 2.5
E18: BRG | F18: =AVERAGE('2017'!K21,'2017'!K34) -> 4 | G18: =AVERAGE('2017'!L21,'2017'!L34) -> 4.15 | H18: =AVERAGE('2017'!M21,'2017'!M34) -> 3.45
E19: CMT | F19: =AVERAGE('2017'!K19,'2017'!K25,'2017'!K30) -> 3.3333333 | G19: =AVERAGE('2017'!L19,'2017'!L25,'2017'!L30) -> 3.9 | H19: =AVERAGE('2017'!M19,'2017'!M25,'2017'!M30) -> 3
E20: ICEN | F20: =AVERAGE('2017'!K14,'2017'!K22,'2017'!K26) -> 2.9666667 | G20: =AVERAGE('2017'!L14,'2017'!L22,'2017'!L26) -> 3.7333333 | H20: =AVERAGE('2017'!M14,'2017'!M22,'2017'!M26) -> 3.0333333
E21: ICSA | F21: =AVERAGE('2017'!K15) -> 4 | G21: =AVERAGE('2017'!L15) -> 4.7 | H21: =AVERAGE('2017'!M15) -> 2.5
E22: IG | F22: =AVERAGE('2017'!K20,'2017'!K35) -> 4.15 | G22: =AVERAGE('2017'!L20,'2017'!L35) -> 4.55 | H22: =AVERAGE('2017'!M20,'2017'!M35) -> 4.1
E23: IMV | F23: =AVERAGE('2017'!K27) -> 3 | G23: =AVERAGE('2017'!L27) -> 4.1 | H23: =AVERAGE('2017'!M27) -> 3.3
E24: ITEC | F24: =AVERAGE('2017'!K32,'2017'!K36) -> 3.7 | G24: =AVERAGE('2017'!L32,'2017'!L36) -> 4.05 | H24: =AVERAGE('2017'!M32,'2017'!M36) -> 3.4
E25: SOU | F25: =AVERAGE('2017'!K18) -> 3.6 | G25: =AVERAGE('2017'!L18) -> 4.7 | H25: =AVERAGE('2017'!M18) -> 3.6
E26: TUC | F26: =AVERAGE('2017'!K29) -> 3.7 | G26: =AVERAGE('2017'!L29) -> 4 | H26: =AVERAGE('2017'!M29) -> 3.1
A40: D1 - ORGANIZAÇÃO DIDÁTICO-PEDAGÓGICA - Fontes de Consulta: Plano de Desenvolvimento Institucional, Projeto Pedagógico do Curso, Relatório de Autoavaliação Institucional, Políticas Institucionais, Diretrizes Curriculares Nacionais, quando houver, Catálogo Nacional dos Cursos Superiores de Tecnologia, quando couber, Formulário Eletrônico preenchido pela IES no e-MEC.
A42: D2 - CORPO DOCENTE E TUTORIAL - Fontes de consulta: Projeto Pedagógico do Curso, Plano de Desenvolvimento Institucional, Políticas de Formação Docente, Formulário Eletrônico preenchido pela IES no e-MEC, Documentação Comprobatória e Catálogo Nacional dos Cursos Superiores de Tecnologia, quando couber.
A44: D3 - INFRAESTRUTURA - Fontes de Consulta: Projeto Pedagógico do Curso, Diretrizes Curriculares Nacionais, quando houver, Catálogo Nacional dos Cursos Superiores de Tecnologia, quando couber. Formulário Eletrônico preenchido pela IES no e-MEC e Documentação Comprobatória.

Sheet 2018
A1: UNIVERSIDADE FEDERAL DO PARA
A2: PRÓ-REITORIA DE PLANEJAMENTO E DESENVOLVIMENTO INSTITUCIONAL
A3: DIRETORIA DE AVALIAÇÃO INSTITUCIONAL
A4: COORDENADORIA DE AUTOAVALIAÇÃO
D10: MOSTRA O RELATÓRIO DA AVALIAÇÃO
A13: Curso | B13: MOD | C13: COD_CURSO | D13: Campus | E13: UND-ACAD | F13: Nº PROC | G13: Nº AVAL. | H13: ANO_AVAL | I13: INICIO | J13: D1 | K13: D2 | L13: D3 | M13: CC | N13: AVAL
A14: Ciências Naturais | B14: LIC | D14: Breves | E14: BRV | F14: 201505783 | G14: 127391 | H14: 2018 | I14: 18/02 | J14: 4.19 | K14: 4.42 | L14: 3.88 | M14: 4 | N14: 3
A15: Eng. da Computação | B15: BACH | D15: Tucuruí | E15: TUC | F15: 201413605 | G15: 116261 | H15: 2018 | I15: 28/02 | J15: 3.6 | K15: 4.46 | L15: 2.9 | M15: 4 | N15: 3
A16: Farmácia (Bach) | B16: BACH | D16: Belém | E16: ICS | F16: 201207537 | G16: 123732 | H16: 2018 | I16: 18/03 | J16: 4.39 | K16: 4.75 | L16: 3.81 | M16: 4 | N16: 3
A17: Fisioterapia | B17: BACH | D17: Belém | E17: ICS | F17: 201201183 | G17: 123509 | H17: 2018 | I17: 25/03 | J17: 4.59 | K17: 4.91 | L17: 4.77 | M17: 5 | N17: 4
A18: Eng. de Pesca | B18: BACH | D18: Bragança | E18: BRG | F18: 201413846 | G18: 130974 | H18: 2018 | I18: 08/04 | J18: 4.47 | K18: 4.64 | L18: 3.91 | M18: 4 | N18: 5
A19: Eng. da Computação | B19: BACH | D19: Castanhal | E19: CST | F19: 201617017 | G19: 135906 | H19: 2018 | I19: 18/04 | J19: 3.65 | K19: 4.14 | L19: 3.4 | M19: 4 | N19: 3
A20: Educação do Campo | B20: LIC | D20: Altamira | E20: ALT | F20: 201616997 | G20: 135902 | H20: 2018 | I20: 22/04 | J20: 4.75 | K20: 5 | L20: 4.22 | M20: 5 | N20: 4
A21: Musica | B21: LIC | D21: Belém | E21: ICA | F21: 201616942 | G21: 135897 | H21: 2018 | I21: 09/05 | J21: 4.4 | K21: 4.17 | L21: 4 | M21: 4 | N21: 3
A22: Geografia | B22: LIC | D22: Cametá | E22: CMT | F22: 201501042 | G22: 123734 | H22: 2018 | I22: 09/05 | J22: 3.7 | K22: 4.58 | L22: 3 | M22: 4 | N22: 4
A23: Ciencias Sociais - BACH | B23: BACH | D23: Belém | E23: IFCH | F23: 201506093 | G23: 124705 | H23: 2018 | I23: 09/05 | J23: 3.2 | K23: 4.73 | L23: 4 | M23: 4 | N23: 4
A24: Letras Português | B24: LIC | D24: Belém | E24: ILC | F24: 201607682 | G24: 130677 | H24: 2018 | I24: 09/05 | J24: 3.5 | K24: 4.25 | L24: 3.25 | M24: 4 | N24: 4
A25: Eng. Florestal | B25: BACH | D25: Altamira | E25: ALT | F25: 201616945 | G25: 135898 | H25: 2018 | I25: 16/06 | J25: 3.67 | K25: 4.18 | L25: 3.4 | M25: 4 | N25: 2
... A38: História | B38: LIC | D38: Ananindeua | E38: ANA | F38: 201815395 | G38: 148025 | H38: 2018 | I38: 09/12 | J38: 4.28 | K38: 4.44 | L38: 3 | M38: 4 | N38: 1
I39: Média | J39: =AVERAGE(J14:J38) -> 3.896 | K39: =AVERAGE(K14:K38) -> 4.3504 | L39: =AVERAGE(L14:L38) -> 3.7476 | M39: =AVERAGE(M14:M38) -> 4 | N39: =AVERAGE(N14:N38) -> 3.32

Sheet 2018 (GRAF)
A1: UNIVERSIDADE FEDERAL DO PARA
A2: PRÓ-REITORIA DE PLANEJAMENTO E DESENVOLVIMENTO INSTITUCIONAL
A3: DIRETORIA DE AVALIAÇÃO INSTITUCIONAL
A4: COORDENADORIA DE AUTOAVALIAÇÃO
D14: UND-ACAD | E14: D1 | F14: D2 | G14: D3
D15: ABT | E15: =AVERAGE('2018'!J33) -> 3.25 | F15: =AVERAGE('2018'!K33) -> 4.08 | G15: =AVERAGE('2018'!L33) -> 2.91
D16: ALT | E16: =AVERAGE('2018'!J20,'2018'!J25) -> 4.21 | F16: =AVERAGE('2018'!K20,'2018'!K25) -> 4.59 | G16: =AVERAGE('2018'!L20,'2018'!L25) -> 3.81
D17: ANA | E17: =AVERAGE('2018'!J38) -> 4.28 | F17: =AVERAGE('2018'!K38) -> 4.44 | G17: =AVERAGE('2018'!L38) -> 3
D18: BRG | E18: =AVERAGE('2018'!J18) -> 4.47 | F18: =AVERAGE('2018'!K18) -> 4.64 | G18: =AVERAGE('2018'!L18) -> 3.91
D19: BRV | E19: =AVERAGE('2018'!J14) -> 4.19 | F19: =AVERAGE('2018'!K14) -> 4.42 | G19: =AVERAGE('2018'!L14) -> 3.88
D20: CMT | E20: =AVERAGE('2018'!J22,'2018'!J34) -> 3.3 | F20: =AVERAGE('2018'!K22,'2018'!K34) -> 4.415 | G20: =AVERAGE('2018'!L22,'2018'!L34) -> 3
D21: CST | E21: =AVERAGE('2018'!J19) -> 3.65 | F21: =AVERAGE('2018'!K19) -> 4.14 | G21: =AVERAGE('2018'!L19) -> 3.4
D22: ICA | E22: =AVERAGE('2018'!J21) -> 4.4 | F22: =AVERAGE('2018'!K21) -> 4.17 | G22: =AVERAGE('2018'!L21) -> 4
D23: ICB | E23: =AVERAGE('2018'!J26) -> 4 | F23: =AVERAGE('2018'!K26) -> 4.64 | G23: =AVERAGE('2018'!L26) -> 4.13
D24: ICS | E24: =AVERAGE('2018'!J16,'2018'!J17) -> 4.49 | F24: =AVERAGE('2018'!K16,'2018'!K17) -> 4.83 | G24: =AVERAGE('2018'!L16,'2018'!L17) -> 4.29
D25: ICSA | E25: =AVERAGE('2018'!J37) -> 3.86 | F25: =AVERAGE('2018'!K37) -> 4.33 | G25: =AVERAGE('2018'!L37) -> 4.25
D26: IEMCI | E26: =AVERAGE('2018'!J27) -> 4 | F26: =AVERAGE('2018'!K27) -> 4.92 | G26: =AVERAGE('2018'!L27) -> 4.3
D27: IFCH | E27: =AVERAGE('2018'!J23) -> 3.2 | F27: =AVERAGE('2018'!K23) -> 4.73 | G27: =AVERAGE('2018'!L23) -> 4
D28: IG | E28: =AVERAGE('2018'!J32) -> 3.36 | F28: =AVERAGE('2018'!K32) -> 4.46 | G28: =AVERAGE('2018'!L32) -> 3.44
D29: ILC | E29: =AVERAGE('2018'!J24,'2018'!J28,'2018'!J29,'2018'!J30,'2018'!J31) -> 3.86 | F29: =AVERAGE('2018'!K24,'2018'!K28,'2018'!K29,'2018'!K30,'2018'!K31) -> 3.914 | G29: =AVERAGE('2018'!L24,'2018'!L28,'2018'!L29,'2018'!L30,'2018'!L31) -> 4.054
D30: SAL | E30: =AVERAGE('2018'!J35) -> 4.11 | F30: =AVERAGE('2018'!K35) -> 4 | G30: =AVERAGE('2018'!L35) -> 4
D31: TUC | E31: =AVERAGE('2018'!J36,'2018'!J15) -> 3.665 | F31: =AVERAGE('2018'!K36,'2018'!K15) -> 4.275 | G31: =AVERAGE('2018'!L36,'2018'!L15) -> 3
A38: D1 - ORGANIZAÇÃO DIDÁTICO-PEDAGÓGICA - Fontes de Consulta: Plano de Desenvolvimento Institucional, Projeto Pedagógico do Curso, Relatório de Autoavaliação Institucional, Políticas Institucionais, Diretrizes Curriculares Nacionais, quando houver, Catálogo Nacional dos Cursos Superiores de Tecnologia, quando couber, Formulário Eletrônico preenchido pela IES no e-MEC.
A40: D2 - CORPO DOCENTE E TUTORIAL - Fontes de consulta: Projeto Pedagógico do Curso, Plano de Desenvolvimento Institucional, Políticas de Formação Docente, Formulário Eletrônico preenchido pela IES no e-MEC, Documentação Comprobatória e Catálogo Nacional dos Cursos Superiores de Tecnologia, quando couber.
A42: D3 - INFRAESTRUTURA - Fontes de Consulta: Projeto Pedagógico do Curso, Diretrizes Curriculares Nacionais, quando houver, Catálogo Nacional dos Cursos Superiores de Tecnologia, quando couber. Formulário Eletrônico preenchido pela IES no e-MEC e Documentação Comprobatória.

Sheet 2019
F1: UNIVERSIDADE FEDERAL DO PARA
F2: PRÓ-REITORIA DE PLANEJAMENTO E DESENVOLVIMENTO INSTITUCIONAL
F3: DIRETORIA DE AVALIAÇÃO INSTITUCIONAL
F4: COORDENADORIA DE AUTOAVALIAÇÃO
D9: MOSTRA O RELATÓRIO DA AVALIAÇÃO
A11: Curso | B11: MOD | C11: COD_CURSO | D11: Campus | E11: UND-ACAD | F11: Nº PROC | G11: Nº AVAL | H11: ANO AVAL | I11: INICIO | J11: D1 | K11: D2 | L11: D3 | M11: CC | N11: AVAL
A12: FISICA | B12: LIC | D12: ANANINDEUA | E12: ANA | F12: 201815397 | G12: 148248 | H12: 2019 | I12: 03/02 | J12: 3.89 | K12: 3.67 | L12: 2.63 | M12: 3 | N12: 1
A13: QUIMICA | B13: LIC | D13: ANANINDEUA | E13: ANA | F13: 201815398 | G13: 148085 | H13: 2019 | I13: 03/02 | J13: 4.33 | K13: 3.67 | L13: 3 | M13: 4 | N13: 1
A14: GEOGRAFIA | B14: LIC | D14: ANANINDEUA | E14: ANA | F14: 201815396 | G14: 148061 | H14: 2019 | I14: 03/02 | J14: 4.06 | K14: 3.78 | L14: 3.11 | M14: 4 | N14: 4
A15: ARTES VISUAIS | B15: BACH | D15: BELEM | E15: ICA | F15: 201721935 | G15: 144753 | H15: 2019 | I15: 17/03 | J15: 3.93 | K15: 3.89 | L15: 4 | M15: 4 | N15: 5
A16: ESTATISTICA | B16: BACH | D16: BELEM | E16: ICEN | F16: 201721939 | G16: 147073 | H16: 2019 | I16: 27/03 | J16: 4.43 | K16: 4.89 | L16: 4.43 | M16: 5 | N16: 5
A17: TEATRO | B17: BACH | D17: BELEM | E17: ICA | F17: 201616686 | G17: 137587 | H17: 2019 | I17: 03/04 | J17: 4.95 | K17: 4.92 | L17: 3.73 | M17: 5 | N17: 5
A18: DANÇA | B18: LIC | D18: BELEM | E18: ICA | F18: 201616907 | G18: 135895 | H18: 2019 | I18: 30/06 | J18: 4.5 | K18: 4.92 | L18: 4.09 | M18: 5 | N18: 4
A19: MUSEOLOGIA | B19: BACH | D19: BELEM | E19: ICA | F19: 201721940 | G19: 147074 | H19: 2019 | I19: 17/10 | J19: 3.86 | K19: 4.33 | L19: 3.63 | M19: 4 | N19: 3
A20: PRODUÇÃO MULTIMIDIA | B20: TEC | D20: BELEM | E20: ICA | F20: 201721941 | G20: 144767 | H20: 2019 | I20: 17/10 | J20: 4.79 | K20: 3.22 | L20: 4.33 | M20: 4 | N20: 5
A21: QUIMICA INDUSTRIAL | B21: BACH | D21: BELEM | E21: ICEN | F21: 201616945 | G21: 153061 | H21: 2019 | I21: 28/11 | J21: 4.67 | K21: 4.55 | L21: 4.67 | M21: 5 | N21: 3
A22: BIOMEDICINA | B22: BACH | D22: BELEM | E22: ICB | F22: 201816735 | G22: 154248 | H22: 2019 | I22: 02/12 | J22: 3.07 | K22: 3.56 | L22: 2.85 | M22: 3 | N22: 3
A23: AGRONOMIA | B23: BACH | D23: ALTAMIRA | E23: ALT | F23: 201816736 | G23: 154249 | H23: 2019 | I23: 12/12 | J23: 3.79 | K23: 3.44 | L23: 3.63 | M23: 4 | N23: 4
A24: ODONTOLOGIA | B24: BACH | D24: BELEM | E24: ICS | F24: 201813443 | G24: 155171 | H24: 2019 | I24: 12/12 | J24: 1.87 | K24: 3.67 | L24: 2.4 | M24: 3 | N24: 1
I25: Média | J25: =AVERAGE(J12:J24) -> 4.0107692 | K25: =AVERAGE(K12:K24) -> 4.0392308 | L25: =AVERAGE(L12:L24) -> 3.5769231 | M25: =AVERAGE(M12:M24) -> 4.0769231 | N25: =AVERAGE(N12:N24) -> 3.3846154

Sheet 2019 (GRAF)
A1: UNIVERSIDADE FEDERAL DO PARA
A2: PRÓ-REITORIA DE PLANEJAMENTO E DESENVOLVIMENTO INSTITUCIONAL
A3: DIRETORIA DE AVALIAÇÃO INSTITUCIONAL
A4: COORDENADORIA DE AUTOAVALIAÇÃO
C16: UND-ACAD | D16: D1 | E16: D2 | F16: D3
C17: ALT | D17: =AVERAGE('2019'!J23) -> 3.79 | E17: =AVERAGE('2019'!K23) -> 3.44 | F17: =AVERAGE('2019'!L23) -> 3.63
C18: ANA | D18: =AVERAGE('2019'!J12:J14) -> 4.0933333 | E18: =AVERAGE('2019'!K12:K14) -> 3.7066667 | F18: =AVERAGE('2019'!L12:L14) -> 2.9133333
C19: ICA | D19: =AVERAGE('2019'!J15,'2019'!J17,'2019'!J18,'2019'!J19,'2019'!J20) -> 4.406 | E19: =AVERAGE('2019'!K15,'2019'!K17,'2019'!K18,'2019'!K19,'2019'!K20) -> 4.256 | F19: =AVERAGE('2019'!L15,'2019'!L17,'2019'!L18,'2019'!L19,'2019'!L20) -> 3.956
C20: ICEN | D20: =AVERAGE('2019'!J16,'2019'!J21) -> 4.55 | E20: =AVERAGE('2019'!K16,'2019'!K21) -> 4.72 | F20: =AVERAGE('2019'!L16,'2019'!L21) -> 4.55
C21: ICS | D21: =AVERAGE('2019'!J24) -> 1.87 | E21: =AVERAGE('2019'!K24) -> 3.67 | F21: =AVERAGE('2019'!L24) -> 2.4
A34: D1 - ORGANIZAÇÃO DIDÁTICO-PEDAGÓGICA - Fontes de Consulta: Plano de Desenvolvimento Institucional, Projeto Pedagógico do Curso, Relatório de Autoavaliação Institucional, Políticas Institucionais, Diretrizes Curriculares Nacionais, quando houver, Catálogo Nacional dos Cursos Superiores de Tecnologia, quando couber, Formulário Eletrônico preenchido pela IES no e-MEC.
A36: D2 - CORPO DOCENTE E TUTORIAL - Fontes de consulta: Projeto Pedagógico do Curso, Plano de Desenvolvimento Institucional, Políticas de Formação Docente, Formulário Eletrônico preenchido pela IES no e-MEC, Documentação Comprobatória e Catálogo Nacional dos Cursos Superiores de Tecnologia, quando couber.
A38: D3 - INFRAESTRUTURA - Fontes de Consulta: Projeto Pedagógico do Curso, Diretrizes Curriculares Nacionais, quando houver, Catálogo Nacional dos Cursos Superiores de Tecnologia, quando couber. Formulário Eletrônico preenchido pela IES no e-MEC e Documentação Comprobatória.

Sheet 2020
A1: UNIVERSIDADE FEDERAL DO PARA
A2: PRÓ-REITORIA DE PLANEJAMENTO E DESENVOLVIMENTO INSTITUCIONAL
A3: DIRETORIA DE AVALIAÇÃO INSTITUCIONAL
A4: COORDENADORIA DE AUTOAVALIAÇÃO
D9: MOSTRA O RELATÓRIO DA AVALIAÇÃO
A11: Curso | B11: MOD | C11: COD-CURSO | D11: Campus | E11: UND-ACAD | F11: Nº PROC | G11: Nº AVAL | H11: ANO-AVAL | I11: INICIO | J11: D1 | K11: D2 | L11: D3 | M11: CC | N11: AVAL
A12: Enfermagem | B12: BACH | D12: Belem | E12: ICS | F12: 201812688 | G12: 155170 | H12: 2020 | I12: 16/03/2020 | J12: 3.13 | K12: 3 | L12: 3.25 | M12: 3 | N12: 3
I13: Média | J13: =AVERAGE(J12:J12) -> 3.13 | K13: =AVERAGE(K12:K12) -> 3 | L13: =AVERAGE(L12:L12) -> 3.25 | M13: =AVERAGE(M12:M12) -> 3 | N13: =AVERAGE(N12:N12) -> 3

Sheet 2020 (GRAF)
A1: UNIVERSIDADE FEDERAL DO PARA
A2: PRÓ-REITORIA DE PLANEJAMENTO E DESENVOLVIMENTO INSTITUCIONAL
A3: DIRETORIA DE AVALIAÇÃO INSTITUCIONAL
A4: COORDENADORIA DE AUTOAVALIAÇÃO
C16: UND-ACAD | D16: D1 | E16: D2 | F16: D3
C17: ='2020'!E12 -> ICS | D17: ='2020'!J12 -> 3.13 | E17: ='2020'!K12 -> 3 | F17: ='2020'!L12 -> 3.25
A34: D1 - ORGANIZAÇÃO DIDÁTICO-PEDAGÓGICA - Fontes de Consulta: Plano de Desenvolvimento Institucional, Projeto Pedagógico do Curso, Relatório de Autoavaliação Institucional, Políticas Institucionais, Diretrizes Curriculares Nacionais, quando houver, Catálogo Nacional dos Cursos Superiores de Tecnologia, quando couber, Formulário Eletrônico preenchido pela IES no e-MEC.
A36: D2 - CORPO DOCENTE E TUTORIAL - Fontes de consulta: Projeto Pedagógico do Curso, Plano de Desenvolvimento Institucional, Políticas de Formação Docente, Formulário Eletrônico preenchido pela IES no e-MEC, Documentação Comprobatória e Catálogo Nacional dos Cursos Superiores de Tecnologia, quando couber.
A38: D3 - INFRAESTRUTURA - Fontes de Consulta: Projeto Pedagógico do Curso, Diretrizes Curriculares Nacionais, quando houver, Catálogo Nacional dos Cursos Superiores de Tecnologia, quando couber. Formulário Eletrônico preenchido pela IES no e-MEC e Documentação Comprobatória.

Sheet 2021
A1: UNIVERSIDADE FEDERAL DO PARA
A2: PRÓ-REITORIA DE PLANEJAMENTO E DESENVOLVIMENTO INSTITUCIONAL
A3: DIRETORIA DE AVALIAÇÃO INSTITUCIONAL
A4: COORDENADORIA DE AUTOAVALIAÇÃO
D9: MOSTRA O RELATÓRIO DA AVALIAÇÃO
A11: Curso | B11: MOD | C11: COD_CURSO | D11: Campus | E11: UND-ACAD | F11: Nº PROC | G11: Nº AVAL | H11: ANO-AVAL | I11: INICIO | J11: D1 | K11: D2 | L11: D3 | M11: CC | N11: AVAL
A12: Física | B12: LIC | D12: Ananindeua | E12: ANA | F12: 201815397 | G12: 160983 | H12: 2021 | I12: 15/07/2021 | J12: 4.56 | K12: 4.67 | L12: 3.67 | M12: 4 | N12: 5
I13: Média | J13: =AVERAGE(J12:J12) -> 4.56 | K13: =AVERAGE(K12:K12) -> 4.67 | L13: =AVERAGE(L12:L12) -> 3.67 | M13: =AVERAGE(M12:M12) -> 4 | N13: =AVERAGE(N12:N12) -> 5

Sheet 2021 (GRAF)
A1: UNIVERSIDADE FEDERAL DO PARA
A2: PRÓ-REITORIA DE PLANEJAMENTO E DESENVOLVIMENTO INSTITUCIONAL
A3: DIRETORIA DE AVALIAÇÃO INSTITUCIONAL
A4: COORDENADORIA DE AUTOAVALIAÇÃO
C16: UND-ACAD | D16: D1 | E16: D2 | F16: D3
C17: ANA | D17: 4.56 | E17: 4.67 | F17: 3.67
A34: D1 - ORGANIZAÇÃO DIDÁTICO-PEDAGÓGICA - Fontes de Consulta: Plano de Desenvolvimento Institucional, Projeto Pedagógico do Curso, Relatório de Autoavaliação Institucional, Políticas Institucionais, Diretrizes Curriculares Nacionais, quando houver, Catálogo Nacional dos Cursos Superiores de Tecnologia, quando couber, Formulário Eletrônico preenchido pela IES no e-MEC.
A36: D2 - CORPO DOCENTE E TUTORIAL - Fontes de consulta: Projeto Pedagógico do Curso, Plano de Desenvolvimento Institucional, Políticas de Formação Docente, Formulário Eletrônico preenchido pela IES no e-MEC, Documentação Comprobatória e Catálogo Nacional dos Cursos Superiores de Tecnologia, quando couber.
A38: D3 - INFRAESTRUTURA - Fontes de Consulta: Projeto Pedagógico do Curso, Diretrizes Curriculares Nacionais, quando houver, Catálogo Nacional dos Cursos Superiores de Tecnologia, quando couber. Formulário Eletrônico preenchido pela IES no e-MEC e Documentação Comprobatória.

Sheet 2022
A1: UNIVERSIDADE FEDERAL DO PARA
A2: PRÓ-REITORIA DE PLANEJAMENTO E DESENVOLVIMENTO INSTITUCIONAL
A3: DIRETORIA DE AVALIAÇÃO INSTITUCIONAL
A4: COORDENADORIA DE AUTOAVALIAÇÃO
D9: MOSTRA O RELATÓRIO DA AVALIAÇÃO
A11: Curso | B11: MOD | C11: COD-CURSO | D11: Campus | E11: UND-ACAD | F11: Nº PROC | G11: Nº AVAL | H11: ANO-AVAL | I11: INICIO | J11: D1 | K11: D2 | L11: D3 | M11: CC | N11: AVAL
A12: FÍSICA | B12: LIC | D12: SALINOPOLIS | E12: SAL | F12: 202002133 | G12: 159955 | H12: 2022 | I12: 25/05 | J12: 2.83 | K12: 3.22 | L12: 2.78 | M12: 3 | N12: 2 | P12: RECURSO
A13: AGROECOLOGIA | B13: BACH | D13: ABAETETUBA | E13: ABT | F13: 202003419 | G13: 159962 | H13: 2022 | I13: 25/05 | J13: 4.79 | K13: 4.78 | L13: 4.1 | M13: 5 | N13: 5
A14: ENG. DE EXPL. E PROD. DE PETROLEO | B14: BACH | D14: SALINOPOLIS | E14: SAL | F14: 201815399 | G14: 148976 | H14: 2022 | I14: 31/08 | J14: 3.43 | K14: 3.78 | L14: 4.56 | M14: 4 | N14: 4
A15: MEDICINA | B15: BACH | D15: ALTAMIRA | E15: ALT | F15: 202108979 | G15: 170296 | H15: 2022 | I15: 25/09 | J15: 4.44 | K15: 4.67 | L15: 4.36 | M15: 5 | N15: 5
A16: DESENVOLVIMENTO RURAL | B16: BACH | D16: BELÉM | E16: INEAF | F16: 202108978 | G16: 171887 | H16: 2022 | I16: 03/10 | J16: 5 | K16: 4.78 | L16: 3.86 | M16: 5 | N16: 5
A17: ENG. DE BIOPROCESSOS | B17: BACH | D17: BELÉM | E17: ICB | F17: 201815394 | G17: 155172 | H17: 2022 | I17: 26/10 | J17: 4.86 | K17: 4.89 | L17: 4.14 | M17: 5 | N17: 5
I18: Média | J18: =AVERAGE(J12:J17) -> 4.225 | K18: =AVERAGE(K12:K17) -> 4.3533333 | L18: =AVERAGE(L12:L17) -> 3.9666667 | M18: =AVERAGE(M12:M17) -> 4.5 | N18: =AVERAGE(N12:N17) -> 4.3333333

Sheet 2022 (GRAF)
A1: UNIVERSIDADE FEDERAL DO PARA
A2: PRÓ-REITORIA DE PLANEJAMENTO E DESENVOLVIMENTO INSTITUCIONAL
A3: DIRETORIA DE AVALIAÇÃO INSTITUCIONAL
A4: COORDENADORIA DE AUTOAVALIAÇÃO
C16: UND-ACAD | D16: D1 | E16: D2 | F16: D3
C17: SAL | D17: =AVERAGE('2022'!J12,'2022'!J14) -> 3.13 | E17: =AVERAGE('2022'!K12,'2022'!K14) -> 3.5 | F17: =AVERAGE('2022'!L12,'2022'!L14) -> 3.67
C18: ABT | D18: ='2022'!J13 -> 4.79 | E18: ='2022'!K13 -> 4.78 | F18: ='2022'!L13 -> 4.1
C19: ALT | D19: ='2022'!J15 -> 4.44 | E19: ='2022'!K15 -> 4.67 | F19: ='2022'!L15 -> 4.36
C20: INEAF | D20: ='2022'!J16 -> 5 | E20: ='2022'!K16 -> 4.78 | F20: ='2022'!L16 -> 3.86
C21: ICB | D21: ='2022'!J17 -> 4.86 | E21: ='2022'!K17 -> 4.89 | F21: ='2022'!L17 -> 4.14
A34: D1 - ORGANIZAÇÃO DIDÁTICO-PEDAGÓGICA - Fontes de Consulta: Plano de Desenvolvimento Institucional, Projeto Pedagógico do Curso, Relatório de Autoavaliação Institucional, Políticas Institucionais, Diretrizes Curriculares Nacionais, quando houver, Catálogo Nacional dos Cursos Superiores de Tecnologia, quando couber, Formulário Eletrônico preenchido pela IES no e-MEC.
A36: D2 - CORPO DOCENTE E TUTORIAL - Fontes de consulta: Projeto Pedagógico do Curso, Plano de Desenvolvimento Institucional, Políticas de Formação Docente, Formulário Eletrônico preenchido pela IES no e-MEC, Documentação Comprobatória e Catálogo Nacional dos Cursos Superiores de Tecnologia, quando couber.
A38: D3 - INFRAESTRUTURA - Fontes de Consulta: Projeto Pedagógico do Curso, Diretrizes Curriculares Nacionais, quando houver, Catálogo Nacional dos Cursos Superiores de Tecnologia, quando couber. Formulário Eletrônico preenchido pela IES no e-MEC e Documentação Comprobatória.

Sheet 2023
A1: UNIVERSIDADE FEDERAL DO PARA
A2: PRÓ-REITORIA DE PLANEJAMENTO E DESENVOLVIMENTO INSTITUCIONAL
A3: DIRETORIA DE AVALIAÇÃO INSTITUCIONAL
A4: COORDENADORIA DE AUTOAVALIAÇÃO
E9: MOSTRA O RELATÓRIO DA AVALIAÇÃO
A11: Curso | B11: MOD | C11: COD-CURSO | D11: Campus | E11: UND-ACAD | F11: Nº PROC | G11: Nº AVAL | H11: ANO AVAL | I11: INICIO | J11: D1 | K11: D2 | L11: D3 | M11: CC(CONT) | N11: CC(FAIXA) | O11: AVAL
A12: LETRAS INGLES | B12: LIC | D12: ALTAMIRA | E12: ALT | F12: 201908922 | G12: 157317 | H12: 2023 | I12: 45042 | J12: 4.5 | K12: 4.78 | L12: 3 | M12: 4.16 | N12: 4 | O12: 5
A13: LETRAS PORTUGUÊS | B13: LIC | D13: CAMETA | E13: CMT | F13: 201908923 | G13: 157318 | H13: 2023 | I13: 45040 | J13: 4.06 | K13: 4 | L13: 3.14 | M13: 3.76 | N13: 4 | O13: 4
A14: LETRAS LIBRAS | B14: LIC | D14: BELÉM | E14: ILC | F14: 201921102 | G14: 160825 | H14: 2023 | I14: 45147 | J14: 4.61 | K14: 4.22 | L14: 4.5 | M14: 4.42 | N14: 4 | O14: 5
A15: LETRAS ESPANHOL | B15: LIC | D15: CASTANHAL | E15: CST | F15: 201921104 | G15: 160486 | H15: 2023 | I15: 45049 | J15: 4.56 | K15: 4.44 | L15: 4 | M15: 4.34 | N15: 4 | O15: 5
A16: QUIMICA (BACH) | B16: BACH | D16: BELÉM | E16: ICEN | F16: 201908921 | G16: 157316 | H16: 2023 | I16: 45049 | J16: 3.71 | K16: 4.11 | L16: 4.5 | M16: 4.11 | N16: 4 | O16: 3
A17: TERAPIA OCUPACIONAL | B17: BACH | D17: BELÉM | E17: ICS | F17: 201822774 | G17: 151807 | H17: 2023 | I17: 17/05 | J17: 4.63 | K17: 4.89 | L17: 4.23 | M17: 4.61 | N17: 5 | O17: 5
A18: ARTES VISUAIS | B18: LIC | D18: BELÉM | E18: ICA | F18: 201908924 | G18: 157195 | H18: 2023 | I18: 45098 | J18: 4.44 | K18: 3.56 | L18: 4.44 | M18: 4.09 | N18: 4 | O18: 4
A19: CINEMA E AUDIOVISUAL | B19: TEC | D19: BELÉM | E19: ICA | F19: 202030383 | G19: 168191 | H19: 2023 | I19: 45097 | J19: 4.64 | K19: 4.44 | L19: 4 | M19: 4.37 | N19: 4 | O19: 4
A20: ADMINITRAÇÃO PÚBLICA - EAD | B20: BACH | D20: BELEM | E20: ICSA | F20: 202030796 | G20: 170401 | H20: 2023 | I20: 45112 | J20: 3.72 | K20: 3.53 | L20: 4.13 | M20: 3.77 | N20: 4 | O20: 5
A21: EDUCAÇÃO DO CAMPO | B21: LIC | D21: ABAETETUBA | E21: ABT | F21: 201921103 | G21: 160474 | H21: 2023 | I21: 45181 | J21: 4.83 | K21: 4.89 | L21: 3.2 | M21: 4.37 | N21: 4 | O21: 5
A22: CONSERVAÇÃO E RESTAURO | B22: BACH | D22: BELÉM | E22: ITEC | F22: 202120699 | G22: 173752 | H22: 2023 | I22: 45560 | J22: 4.21 | K22: 3.89 | L22: 4.5 | M22: 4.17 | N22: 4 | O22: 5
I23: Média | J23: =AVERAGE(J12:J22) -> 4.3554545 | K23: =AVERAGE(K12:K22) -> 4.25 | L23: =AVERAGE(L12:L22) -> 3.9672727 | M23: =AVERAGE(M12:M22) -> 4.1972727 | N23: =AVERAGE(N12:N22) -> 4.0909091 | O23: =AVERAGE(O12:O22) -> 4.5454545

Sheet 2023 (GRAF)
A1: UNIVERSIDADE FEDERAL DO PARA
A2: PRÓ-REITORIA DE PLANEJAMENTO E DESENVOLVIMENTO INSTITUCIONAL
A3: DIRETORIA DE AVALIAÇÃO INSTITUCIONAL
A4: COORDENADORIA DE AUTOAVALIAÇÃO
C16: UND-ACAD | D16: D1 | E16: D2 | F16: D3
C17: ABT | D17: ='2023'!J21 -> 4.83 | E17: ='2023'!K21 -> 4.89 | F17: ='2023'!L21 -> 3.2
C18: CMT | D18: 4.06 | E18: 4 | F18: 3.14
C19: ALT | D19: 4.5 | E19: 4.78 | F19: 3
C20: CST | D20: 4.56 | E20: 4.44 | F20: 4
C21: ICEN | D21: 3.71 | E21: 4.11 | F21: 4.5
C22: ILC | D22: =AVERAGE('2023'!J14) -> 4.61 | E22: =AVERAGE('2023'!K14) -> 4.22 | F22: =AVERAGE('2023'!L14) -> 4.5
C23: ICSA | D23: =AVERAGE('2023'!J20) -> 3.72 | E23: =AVERAGE('2023'!K20) -> 3.53 | F23: =AVERAGE('2023'!L20) -> 4.13
C24: ICA | D24: =AVERAGE('2023'!J18:J19) -> 4.54 | E24: =AVERAGE('2023'!K18:K19) -> 4 | F24: =AVERAGE('2023'!L18:L19) -> 4.22
C25: ITEC | D25: =AVERAGE('2023'!J22) -> 4.21 | E25: =AVERAGE('2023'!K22) -> 3.89 | F25: =AVERAGE('2023'!L22) -> 4.5
A35: D1 - ORGANIZAÇÃO DIDÁTICO-PEDAGÓGICA - Fontes de Consulta: Plano de Desenvolvimento Institucional, Projeto Pedagógico do Curso, Relatório de Autoavaliação Institucional, Políticas Institucionais, Diretrizes Curriculares Nacionais, quando houver, Catálogo Nacional dos Cursos Superiores de Tecnologia, quando couber, Formulário Eletrônico preenchido pela IES no e-MEC.
A37: D2 - CORPO DOCENTE E TUTORIAL - Fontes de consulta: Projeto Pedagógico do Curso, Plano de Desenvolvimento Institucional, Políticas de Formação Docente, Formulário Eletrônico preenchido pela IES no e-MEC, Documentação Comprobatória e Catálogo Nacional dos Cursos Superiores de Tecnologia, quando couber.
A39: D3 - INFRAESTRUTURA - Fontes de Consulta: Projeto Pedagógico do Curso, Diretrizes Curriculares Nacionais, quando houver, Catálogo Nacional dos Cursos Superiores de Tecnologia, quando couber. Formulário Eletrônico preenchido pela IES no e-MEC e Documentação Comprobatória.

Sheet 2024
A1: UNIVERSIDADE FEDERAL DO PARA
A2: PRÓ-REITORIA DE PLANEJAMENTO E DESENVOLVIMENTO INSTITUCIONAL
A3: DIRETORIA DE AVALIAÇÃO INSTITUCIONAL
A4: COORDENADORIA DE AUTOAVALIAÇÃO
E9: MOSTRA O RELATÓRIO DA AVALIAÇÃO
A11: Curso | B11: MOD | C11: COD-CURSO | D11: Campus | E11: UND-ACAD | F11: Nº PROC | G11: Nº AVAL | H11: ANO AVAL | I11: INICIO | J11: D1 | K11: D2 | L11: D3 | M11: CC(CONT) | N11: CC(FAIXA) | O11: AVAL
A12: CIÊNCIAS NATURAIS | B12: LIC | C12: 65021 | D12: BREVES | E12: BRV | F12: 202316274 | G12: 213921 | H12: 2024 | I12: 18 A 20/09/2024 | J12: 3.72 | K12: 4.22 | L12: 3.2 | M12: 3.76 | N12: 4 | O12: 2
A13: ARTES VISUAIS | B13: BACH | C13: 114907 | D13: BELÉM | E13: ICA | F13: 201908924 | G13: 214227 | H13: 2024 | I13: 23 A 25/09/2024 | J13: 4.5 | K13: 4.56 | L13: 3.38 | M13: 4.18 | N13: 4 | O13: 5
A14: FILOSOFIA | B14: BACH | C14: 311994 | D14: BELÉM | E14: IFCH | F14: 202326411 | G14: 220541 | H14: 2024 | I14: 30/09 a 02/10 | J14: 4.23 | K14: 4.44 | L14: 4.43 | M14: 4.37 | N14: 4 | O14: 4
A15: MEDICINA | B15: BACH | C15: 12015 | D15: BELÉM | E15: ICM | F15: 201810659 | G15: 146975 | H15: 2024 | I15: 01/10 A 05/10 | J15: 4.31 | K15: 4.22 | L15: 3.42 | M15: 4.01 | N15: 4 | O15: 4
A16: LETRAS (ESPANHOL) | B16: LIC | C16: 104612 | D16: BELÉM | E16: ILC | F16: 202316812 | G16: 213893 | H16: 2024 | I16: 02/10 A 04/10 | J16: 5 | K16: 4.78 | L16: 4.88 | M16: 4.88 | N16: 5 | O16: 5
A17: ETNODESENVOLVIMENTO | B17: BACH | C17: 5001234 | D17: ALTAMIRA | E17: ALT | F17: 202030384 | G17: 168292 | H17: 2024 | I17: 07/10 A 09/10/2024 | J17: 5 | K17: 5 | L17: 4.88 | M17: 4.96 | N17: 5 | O17: 5
A18: GEOLOGIA | B18: BACH | C18: 12005 | D18: BELÉM | E18: IG | F18: 202315594 | G18: 214158 | H18: 2024 | I18: 07/10 A 09/10/2024 | J18: 4.27 | K18: 4.78 | L18: 4 | M18: 4.39 | N18: 4 | O18: 5
A19: MATEMÁTICA | B19: LIC | C19: 11999 | D19: BELÉM | E19: ICEN | F19: 202321311 | G19: 217429 | H19: 2024 | I19: 09/10 A 11/10/2024 | J19: 3.61 | K19: 3.78 | L19: 4.63 | M19: 3.98 | N19: 4 | O19: 5
A20: MATEMÁTICA | B20: LIC | C20: 12074 | D20: CAMETÁ | E20: CMT | F20: 202321321 | G20: 217387 | H20: 2024 | I20: 07/10 A 09/10/2024 | J20: 3.22 | K20: 3.89 | L20: 3.5 | M20: 3.57 | N20: 4 | O20: 5
A21: LETRAS (ESPANHOL) | B21: LIC | C21: 1179262 | D21: ABAETETUBA | E21: ABT | F21: 202317633 | G21: 216381 | H21: 2024 | I21: 14/10 A 16/10/2024 | J21: 3.78 | K21: 4.78 | L21: 4.43 | M21: 4.38 | N21: 4 | O21: 5
A22: HISTORIA | B22: BACH | C22: 311995 | D22: BELÉM | E22: IFCH | F22: 202323412 | G22: 220686 | H22: 2024 | I22: 21/10 A 23/10/2024 | J22: 4.21 | K22: 4.44 | L22: 4.57 | M22: 4.41 | N22: 4 | O22: 4
A23: MATEMÁTICA | B23: LIC | C23: 12035 | D23: CASTANHAL | E23: CST | F23: 202321317 | G23: 2274020 | H23: 2024 | I23: 27/10 A 30/10/2024 | J23: 4.33 | K23: 4 | L23: 4.43 | M23: 4.23 | N23: 4 | O23: 4
... A29: GEOFÍSICA | B29: BACH | C29: 66739 | D29: BELÉM | E29: IG | F29: 202316304 | G29: 214368 | H29: 2024 | I29: 11/12 A 13/12/2024 | J29: 4.71 | K29: 4.67 | L29: 4.38 | M29: 4.6 | N29: 5 | O29: 5
I30: Média | J30: =AVERAGE(J12:J29) -> 4.2527778 | K30: =AVERAGE(K12:K29) -> 4.4444444 | L30: =AVERAGE(L12:L29) -> 4.1127778 | M30: =AVERAGE(M12:M29) -> 4.2872222 | N30: =AVERAGE(N12:N29) -> 4.1666667 | O30: =AVERAGE(O12:O29) -> 4.2777778

Sheet 2024 (GRAF)
A1: UNIVERSIDADE FEDERAL DO PARA
A2: PRÓ-REITORIA DE PLANEJAMENTO E DESENVOLVIMENTO INSTITUCIONAL
A3: DIRETORIA DE AVALIAÇÃO INSTITUCIONAL
A4: COORDENADORIA DE AUTOAVALIAÇÃO
C16: UND-ACAD | D16: D1 | E16: D2 | F16: D3
C17: ='2024'!$E$12 -> BRV | D17: ='2024'!J12 -> 3.72 | E17: ='2024'!$K$12 -> 4.22 | F17: ='2024'!$L$12 -> 3.2
C18: ICA | D18: ='2024'!J13 -> 4.5 | E18: ='2024'!K13 -> 4.56 | F18: ='2024'!L13 -> 3.38
C19: ='2024'!E14 -> IFCH | D19: =AVERAGE('2024'!J14,'2024'!J22) -> 4.22 | E19: =AVERAGE('2024'!K14,'2024'!K22) -> 4.44 | F19: =AVERAGE('2024'!L14,'2024'!L22) -> 4.5
C20: ='2024'!E15 -> ICM | D20: ='2024'!J15 -> 4.31 | E20: ='2024'!K15 -> 4.22 | F20: ='2024'!L15 -> 3.42
C21: ='2024'!E16 -> ILC | D21: =AVERAGE('2024'!J16,'2024'!J27) -> 4.64 | E21: =AVERAGE('2024'!K16,'2024'!K27) -> 4.555 | F21: =AVERAGE('2024'!L16,'2024'!L27) -> 4.495
C22: ='2024'!E17 -> ALT | D22: ='2024'!J17 -> 5 | E22: ='2024'!K17 -> 5 | F22: ='2024'!L17 -> 4.88
C23: ='2024'!E18 -> IG | D23: =AVERAGE('2024'!J18,'2024'!J29) -> 4.49 | E23: =AVERAGE('2024'!K18,'2024'!K29) -> 4.725 | F23: =AVERAGE('2024'!L18,'2024'!L29) -> 4.19
C24: ='2024'!E19 -> ICEN | D24: ='2024'!J19 -> 3.61 | E24: ='2024'!K19 -> 3.78 | F24: ='2024'!L19 -> 4.63
C25: ='2024'!E20 -> CMT | D25: ='2024'!J20 -> 3.22 | E25: ='2024'!K20 -> 3.89 | F25: ='2024'!L20 -> 3.5
C26: ='2024'!E21 -> ABT | D26: =AVERAGE('2024'!J21,'2024'!J26) -> 4.03 | E26: =AVERAGE('2024'!K21,'2024'!K26) -> 4.835 | F26: =AVERAGE('2024'!L21,'2024'!L26) -> 4.27
A35: D1 - ORGANIZAÇÃO DIDÁTICO-PEDAGÓGICA - Fontes de Consulta: Plano de Desenvolvimento Institucional, Projeto Pedagógico do Curso, Relatório de Autoavaliação Institucional, Políticas Institucionais, Diretrizes Curriculares Nacionais, quando houver, Catálogo Nacional dos Cursos Superiores de Tecnologia, quando couber, Formulário Eletrônico preenchido pela IES no e-MEC.
A37: D2 - CORPO DOCENTE E TUTORIAL - Fontes de consulta: Projeto Pedagógico do Curso, Plano de Desenvolvimento Institucional, Políticas de Formação Docente, Formulário Eletrônico preenchido pela IES no e-MEC, Documentação Comprobatória e Catálogo Nacional dos Cursos Superiores de Tecnologia, quando couber.
A39: D3 - INFRAESTRUTURA - Fontes de Consulta: Projeto Pedagógico do Curso, Diretrizes Curriculares Nacionais, quando houver, Catálogo Nacional dos Cursos Superiores de Tecnologia, quando couber. Formulário Eletrônico preenchido pela IES no e-MEC e Documentação Comprobatória.

Sheet 2025
A1: UNIVERSIDADE FEDERAL DO PARA
A2: PRÓ-REITORIA DE PLANEJAMENTO E DESENVOLVIMENTO INSTITUCIONAL
A3: DIRETORIA DE AVALIAÇÃO INSTITUCIONAL
A4: COORDENADORIA DE AUTOAVALIAÇÃO
E9: MOSTRA O RELATÓRIO DA AVALIAÇÃO
A11: Curso | B11: MOD | C11: COD-CURSO | D11: Campus | E11: UND-ACAD | F11: Nº PROC | G11: Nº AVAL | H11: ANO AVAL | I11: INICIO | J11: D1 | K11: D2 | L11: D3 | M11: CC(CONT) | N11: CC(FAIXA) | O11: AVAL
A12: FÍSICA | B12: BACH | C12: 12002 | D12: BELÉM | E12: ICEN | F12: 202315593 | G12: 214236 | H12: 2025 | I12: 17/03 Á 19/03/2025 | J12: 3.79 | K12: 3.33 | L12: 4.5 | M12: 3.82 | N12: 4 | O12: 3
A13: MATEMÁTICA | B13: LIC | C13: 1300375 | D13: SALINOPOLIS | E13: SAL | F13: 202317921 | G13: 217643 | H13: 2025 | I13: 17/03 Á 19/03/2026 | J13: 3.61 | K13: 4.78 | L13: 3.11 | M13: 3.93 | N13: 4 | O13: 3
A14: QUIMICA | B14: LIC | C14: 12026 | D14: BELÉM | E14: ICEN | F14: 202321314 | G14: 217430 | H14: 2025 | I14: 17/03 Á 19/03/2029 | J14: 4.2 | K14: 4.67 | L14: 5 | M14: 4.63 | N14: 5 | O14: 5
A15: C. COMPUTAÇÃO | B15: BACH | C15: 12025 | D15: BELÉM | E15: ICEN | F15: 202321313 | G15: 217474 | H15: 2025 | I15: 19/03 A 21/02/2025 | J15: 4.86 | K15: 4.67 | L15: 4.89 | M15: 4.79 | N15: 5 | O15: 5
A16: PEDAGOGIA | B16: LIC | C16: 12085 | D16: CASTANHAL | E16: CST | F16: 202321325 | G16: 217388 | H16: 2025 | I16: 24/03 A 26/03/2025 | J16: 4.72 | K16: 4.78 | L16: 4.25 | M16: 4.6 | N16: 5 | O16: 5
A17: PRODUÇÃO CÊNICA | B17: TEC | C17: 1522596 | D17: BELEM | E17: ETDUFPA | F17: 202118156 | G17: 172671 | H17: 2025 | I17: 26/03 A 28/03/2025 | J17: 3.71 | K17: 4 | L17: 3.5 | M17: 3.76 | N17: 4 | O17: 5
A18: GEOPROCESSAMENTO | B18: TEC | C18: 1299461 | D18: ANANINDEUA | E18: ANA | F18: 202317912 | G18: 217635 | H18: 2025 | I18: 24/03 A26/03/2025 | J18: 4.71 | K18: 5 | L18: 3.1 | M18: 4.34 | N18: 4 | O18: 5
A19: CIENC. BIOLÓGICAS | B19: LIC | C19: 18487 | D19: BRAGANÇA | E19: IECOS | F19: 202321554 | G19: 220011 | H19: 2025 | I19: 26/03 A 28/03/2025 | J19: 4.11 | K19: 4.44 | L19: 3.6 | M19: 4.09 | N19: 4 | O19: 5
A20: HISTÓRIA | B20: LIC | C20: 11995 | D20: BELÉM | E20: IFCH | F20: 202321309 | G20: 220066 | H20: 2025 | I20: 28/04 A 30/04/2025 | J20: 4.56 | K20: 4.78 | L20: 4 | M20: 4.48 | N20: 4 | O20: 5
A21: MATEMÁTICA | B21: LIC | C21: 12044 | D21: BREVES | E21: BRV | F21: 202321318 | G21: 217475 | H21: 2025 | I21: 28/04 A 30/04/2025 | J21: 3.83 | K21: 4.22 | L21: 4.71 | M21: 4.25 | N21: 4 | O21: 4
A22: GEOGRAFIA | B22: LIC | C22: 1330343 | D22: ANANINDEUA | E22: ANA | F22: 202317987 | G22: 217679 | H22: 2025 | I22: 05/05 A 07/05/2025 | J22: 5 | K22: 4.67 | L22: 4.3 | M22: 4.66 | N22: 5 | O22: 5
A23: TEATRO | B23: LIC | C23: 114852 | D23: BELÉM | E23: ETDUFPA | F23: 202316967 | G23: 220026 | H23: 2025 | I23: 05/05 A 07/05/2026 | J23: 4.56 | K23: 4.78 | L23: 4.7 | M23: 4.69 | N23: 5 | O23: 5
... A32: DANÇA | B32: LIC | C32: 114814 | D32: BELÉM | E32: ETDUFPA | F32: 202316961 | G32: 220066 | H32: 2025 | I32: 21/05 A 23/05/2025 | J32: 4.22 | K32: 4.33 | L32: 3.75 | M32: 4.12 | N32: 4 | O32: 5
A33: CIENCIAS BIIOLOGICAS | B33: LIC | C33: 12023 | D33: BELÉM | E33: ICB | F33: 202321312 | G33: 220067 | H33: 2025 | I33: 28/05 A 30/05/2025 | J33: 3.89 | K33: 4.11 | L33: 3.9 | M33: 3.98 | N33: 4 | O33: 5
A34: ESTATISTICA | B34: BACH | C34: 12024 | D34: BELÉM | E34: ICEN | F34: 202423316 | G34: 226593 | H34: 2025 | I34: 02/06 A 04/06/2025 | J34: 4.14 | K34: 3.89 | L34: 4.29 | M34: 4.09 | N34: 4 | O34: 5
A35: ETNODESENVOLVIMENTO | B35: LIC | C35: 50012323 | D35: ALTAMIRA | E35: ALT | F35: 202318086 | G35: 217735 | H35: 2025 | I35: 02/06 A 04/06/2025 | J35: 4.89 | K35: 5 | L35: 4.78 | M35: 4.9 | N35: 5 | O35: 5
A36: PROD. MULTIMIDIA | B36: TEC | C36: 1191346 | D36: BELÉM | E36: ICA | F36: 202424826 | G36: 226608 | H36: 2025 | I36: 04/06 A 06/06/2025 | J36: 3.46 | K36: 4.78 | L36: 4.78 | M36: 4.38 | N36: 4 | O36: 4
A37: CIÊNCIAS BIOLÓGICAS | B37: BACH | C37: 12027 | D37: BELÉM | E37: ICB | F37: 202321316 | G37: 220068 | H37: 2025 | I37: 04/06 A 06/06/2025 | J37: 4.86 | K37: 4.78 | L37: 4.7 | M37: 4.78 | N37: 5 | O37: 5
A38: PEDAGOGIA | B38: LIC | C38: 12111 | D38: BREVES | E38: BRV | F38: 202321326 | G38: 220007 | H38: 2025 | I38: 09/06 a 11/06/2025 | J38: 4.67 | K38: 5 | L38: 5 | M38: 4.9 | N38: 5 | O38: 3
A39: LIC. INT. EM CIENC. MAT. E LING. | B39: LIC | C39: 5000216 | D39: BELÉM | E39: IEMCI | F39: 202318060 | G39: 217723 | H39: 2025 | I39: 09/06 A 11/06/2025 | J39: 4.06 | K39: 4.56 | L39: 4.4 | M39: 4.36 | N39: 4 | O39: 5
A40: ED. CAMPO | B40: LIC | C40: 5001236 | D40: ALTAMIRA | E40: ALT | F40: 202318087 | G40: 217735 | H40: 2025 | I40: 16/06 a 18/06/2025 | J40: 4.94 | K40: 4.89 | L40: 4.75 | M40: 4.86 | N40: 5 | O40: 5
A41: FISICA | B41: LIC | C41: 1364837 | D41: SALINOPOLIS | E41: SAL | F41: 202002133 | G41: 225167 | H41: 2025 | I41: 16/06 a 18/06/2025 | J41: 3.67 | K41: 3.56 | L41: 3.33 | M41: 3.52 | N41: 4 | O41: 3
A42: CIENCIAS NATURAIS | B42: LIC | C42: 1113545 | D42: BRAGANÇA | E42: BRG | F42: 202317451 | G42: 216023 | H42: 2025 | I42: 23/06 A 25/06/2025 | J42: 4.61 | K42: 4.89 | L42: 4.9 | M42: 4.81 | N42: 5 | O42: 5
A43: MUSEOLOGIA | B43: BACH | C43: 1113542 | D43: BELÉM | E43: ICA | F43: 202424645 | G43: 226606 | H43: 2025 | I43: 25/06 A 27/06/2025 | J43: 4.86 | K43: 4.89 | L43: 4.38 | M43: 4.73 | N43: 5 | O43: 5
A44: CIENCIAS NATURAIS | B44: LIC | C44: 1113575 | D44: CAMETÁ | E44: CMT | F44: 202317452 | G44: 216027 | H44: 2025 | I44: 30/06 A 02/07/2025 | J44: 3.72 | K44: 3.67 | L44: 3.7 | M44: 3.69 | N44: 4 | O44: 5
A45: ARQUIVOLOGIA | B45: BACH | C45: 1179143 | D45: BELÉM | E45: ICSA | F45: 202317632 | G45: 215995 | H45: 2025 | I45: 18/08 A 20/08/2025 | J45: 4.71 | K45: 5 | L45: 5 | M45: 4.91 | N45: 5 | O45: 5
A46: ED. CAMPO | B46: LIC | C46: 5001237 | D46: CAMETÁ | E46: CMT | F46: 202318088 | G46: 217739 | H46: 2025 | I46: 10/09 A 12/09/2025 | J46: 5 | K46: 4.89 | L46: 4.67 | M46: 4.84 | N46: 5 | O46: 5
A47: QUIMICA | B47: LIC | C47: 1330344 | D47: ANANINDEUA | E47: ANA | F47: 202317988 | G47: 217683 | H47: 2025 | I47: 15/09 a 17/09/2025 | J47: 4.83 | K47: 5 | L47: 3.78 | M47: 4.58 | N47: 5 | O47: 5
A48: FÍSICA | B48: LIC | C48: 1330339 | D48: ANANINDEUA | E48: ANA | F48: 202317985 | G48: 217544 | H48: 2025 | I48: 15/09 A 17/09/2025 | J48: 3.78 | K48: 4.78 | L48: 4.63 | M48: 4.44 | N48: 4 | O48: 3
A49: LIC. INT. EM CIENC. MAT. E LING.(EAD) | B49: LIC | C49: 1465742 | D49: BELÉM | E49: IEMCI | F49: 202417994 | G49: 226369 | H49: 2025 | I49: 22/09 A 24/09/2026 | J49: 4.41 | K49: 4.67 | L49: 4.5 | M49: 4.54 | N49: 5 | O49: 5
A50: CIENCIAS NATURAIS | B50: LIC | C50: 114910 | D50: BELÉM | E50: ICEN | F50: 202316960 | G50: 214453 | H50: 2025 | I50: 20 a 22/10/2025 | J50: 4.72 | K50: 4.89 | L50: 5 | M50: 4.87 | N50: 5 | O50: 5
I51: Média | J51: =AVERAGE(J12:J50) -> 4.4053846 | K51: =AVERAGE(K12:K50) -> 4.5694872 | L51: =AVERAGE(L12:L50) -> 4.3015789 | M51: =AVERAGE(M12:M50) -> 4.4417949 | N51: =AVERAGE(N12:N50) -> 4.5384615 | O51: =AVERAGE(O12:O50) -> 4.6666667

Sheet PLANILHA 2025
A3: NOTA/CURSOS | B3: QUANT. CURSOS | C3: Média de CC(CONT) | D3: Média de AVAL
A4: 4 | B4: 18 | C4: 4.0872222 | D4: 4.4444444
A5: CIENC. BIOLÓGICAS | B5: 1 | C5: 4.09 | D5: 5
A6: CIENCIAS BIIOLOGICAS | B6: 1 | C6: 3.98 | D6: 5
A7: CIENCIAS NATURAIS | B7: 1 | C7: 3.69 | D7: 5
A8: DANÇA | B8: 1 | C8: 4.12 | D8: 5
A9: ESTATISTICA | B9: 1 | C9: 4.09 | D9: 5
A10: FILOSOFIA | B10: 1 | C10: 4.43 | D10: 5
A11: FISICA | B11: 1 | C11: 3.52 | D11: 3
A12: FÍSICA | B12: 2 | C12: 4.13 | D12: 3
A13: GEOPROCESSAMENTO | B13: 1 | C13: 4.34 | D13: 5
A14: HISTÓRIA | B14: 1 | C14: 4.48 | D14: 5
A15: LIC. INT. EM CIENC. MAT. E LING. | B15: 1 | C15: 4.36 | D15: 5
A16: MATEMÁTICA | B16: 2 | C16: 4.09 | D16: 3.5
... A20: QUIMICA INDUSTRIAL | B20: 1 | C20: 3.61 | D20: 5
A21: 5 | B21: 21 | C21: 4.7457143 | D21: 4.8571429
A22: ARQUIVOLOGIA | B22: 1 | C22: 4.91 | D22: 5
A23: BIBLIOTECONOMIA - EAD | B23: 1 | C23: 4.7 | D23: 5
A24: C. COMPUTAÇÃO | B24: 1 | C24: 4.79 | D24: 5
A25: CIÊNCIAS BIOLÓGICAS | B25: 1 | C25: 4.78 | D25: 5
A26: CIENCIAS NATURAIS | B26: 2 | C26: 4.84 | D26: 5
A27: ED. CAMPO | B27: 2 | C27: 4.85 | D27: 5
A28: ETNODESENVOLVIMENTO | B28: 1 | C28: 4.9 | D28: 5
A29: GEOGRAFIA | B29: 1 | C29: 4.66 | D29: 5
A30: HISTÓRIA | B30: 1 | C30: 4.63 | D30: 5
A31: LETRAS FRANCES | B31: 1 | C31: 4.57 | D31: 4
A32: LIC. INT. EM CIENC. MAT. E LING.(EAD) | B32: 1 | C32: 4.54 | D32: 5
A33: MUSEOLOGIA | B33: 1 | C33: 4.73 | D33: 5
... A37: Total Geral | B37: 39 | C37: 4.4417949 | D37: 4.6666667

Sheet Planilha1
A1: Curso | B1: MOD | C1: COD-CURSO | D1: Campus | E1: UND-ACAD | F1: Nº PROC | G1: Nº AVAL | H1: ANO AVAL | I1: INICIO | J1: D1 | K1: D2 | L1: D3 | M1: CC(CONT) | N1: CC(FAIXA) | O1: AVAL
A2: FÍSICA | B2: BACH | C2: 12002 | D2: BELÉM | E2: ICEN | F2: 202315593 | G2: 214236 | H2: 2025 | I2: 17/03 Á 19/03/2025 | J2: 3.79 | K2: 3.33 | L2: 4.5 | M2: 3.82 | N2: 4 | O2: 3
A3: MATEMÁTICA | B3: LIC | C3: 1300375 | D3: SALINOPOLIS | E3: SAL | F3: 202317921 | G3: 217643 | H3: 2025 | I3: 17/03 Á 19/03/2026 | J3: 3.61 | K3: 4.78 | L3: 3.11 | M3: 3.93 | N3: 4 | O3: 3
A4: QUIMICA | B4: LIC | C4: 12026 | D4: BELÉM | E4: ICEN | F4: 202321314 | G4: 217430 | H4: 2025 | I4: 17/03 Á 19/03/2029 | J4: 4.2 | K4: 4.67 | L4: 5 | M4: 4.63 | N4: 5 | O4: 5
A5: C. COMPUTAÇÃO | B5: BACH | C5: 12025 | D5: BELÉM | E5: ICEN | F5: 202321313 | G5: 217474 | H5: 2025 | I5: 19/03 A 21/02/2025 | J5: 4.86 | K5: 4.67 | L5: 4.89 | M5: 4.79 | N5: 5 | O5: 5
A6: PEDAGOGIA | B6: LIC | C6: 12085 | D6: CASTANHAL | E6: CST | F6: 202321325 | G6: 217388 | H6: 2025 | I6: 24/03 A 26/03/2025 | J6: 4.72 | K6: 4.78 | L6: 4.25 | M6: 4.6 | N6: 5 | O6: 5
A7: PRODUÇÃO CÊNICA | B7: TEC | C7: 1522596 | D7: BELEM | E7: ETDUFPA | F7: 202118156 | G7: 172671 | H7: 2025 | I7: 26/03 A 28/03/2025 | J7: 3.71 | K7: 4 | L7: 3.5 | M7: 3.76 | N7: 4 | O7: 5
A8: GEOPROCESSAMENTO | B8: TEC | C8: 1299461 | D8: ANANINDEUA | E8: ANA | F8: 202317912 | G8: 217635 | H8: 2025 | I8: 24/03 A26/03/2025 | J8: 4.71 | K8: 5 | L8: 3.1 | M8: 4.34 | N8: 4 | O8: 5
A9: CIENC. BIOLÓGICAS | B9: LIC | C9: 18487 | D9: BRAGANÇA | E9: IECOS | F9: 202321554 | G9: 220011 | H9: 2025 | I9: 26/03 A 28/03/2025 | J9: 4.11 | K9: 4.44 | L9: 3.6 | M9: 4.09 | N9: 4 | O9: 5
A10: HISTÓRIA | B10: LIC | C10: 11995 | D10: BELÉM | E10: IFCH | F10: 202321309 | G10: 220066 | H10: 2025 | I10: 28/04 A 30/04/2025 | J10: 4.56 | K10: 4.78 | L10: 4 | M10: 4.48 | N10: 4 | O10: 5
A11: MATEMÁTICA | B11: LIC | C11: 12044 | D11: BREVES | E11: BRV | F11: 202321318 | G11: 217475 | H11: 2025 | I11: 28/04 A 30/04/2025 | J11: 3.83 | K11: 4.22 | L11: 4.71 | M11: 4.25 | N11: 4 | O11: 4
A12: GEOGRAFIA | B12: LIC | C12: 1330343 | D12: ANANINDEUA | E12: ANA | F12: 202317987 | G12: 217679 | H12: 2025 | I12: 05/05 A 07/05/2025 | J12: 5 | K12: 4.67 | L12: 4.3 | M12: 4.66 | N12: 5 | O12: 5
A13: TEATRO | B13: LIC | C13: 114852 | D13: BELÉM | E13: ETDUFPA | F13: 202316967 | G13: 220026 | H13: 2025 | I13: 05/05 A 07/05/2026 | J13: 4.56 | K13: 4.78 | L13: 4.7 | M13: 4.69 | N13: 5 | O13: 5
... A22: DANÇA | B22: LIC | C22: 114814 | D22: BELÉM | E22: ETDUFPA | F22: 202316961 | G22: 220066 | H22: 2025 | I22: 21/05 A 23/05/2025 | J22: 4.22 | K22: 4.33 | L22: 3.75 | M22: 4.12 | N22: 4 | O22: 5
A23: CIENCIAS BIIOLOGICAS | B23: LIC | C23: 12023 | D23: BELÉM | E23: ICB | F23: 202321312 | G23: 220067 | H23: 2025 | I23: 28/05 A 30/05/2025 | J23: 3.89 | K23: 4.11 | L23: 3.9 | M23: 3.98 | N23: 4 | O23: 5
A24: ESTATISTICA | B24: BACH | C24: 12024 | D24: BELÉM | E24: ICEN | F24: 202423316 | G24: 226593 | H24: 2025 | I24: 02/06 A 04/06/2025 | J24: 4.14 | K24: 3.89 | L24: 4.29 | M24: 4.09 | N24: 4 | O24: 5
A25: ETNODESENVOLVIMENTO | B25: LIC | C25: 50012323 | D25: ALTAMIRA | E25: ALT | F25: 202318086 | G25: 217735 | H25: 2025 | I25: 02/06 A 04/06/2025 | J25: 4.89 | K25: 5 | L25: 4.78 | M25: 4.9 | N25: 5 | O25: 5
A26: PROD. MULTIMIDIA | B26: TEC | C26: 1191346 | D26: BELÉM | E26: ICA | F26: 202424826 | G26: 226608 | H26: 2025 | I26: 04/06 A 06/06/2025 | J26: 3.46 | K26: 4.78 | L26: 4.78 | M26: 4.38 | N26: 4 | O26: 4
A27: CIÊNCIAS BIOLÓGICAS | B27: BACH | C27: 12027 | D27: BELÉM | E27: ICB | F27: 202321316 | G27: 220068 | H27: 2025 | I27: 04/06 A 06/06/2025 | J27: 4.86 | K27: 4.78 | L27: 4.7 | M27: 4.78 | N27: 5 | O27: 5
A28: PEDAGOGIA | B28: LIC | C28: 12111 | D28: BREVES | E28: BRV | F28: 202321326 | G28: 220007 | H28: 2025 | I28: 09/06 a 11/06/2025 | J28: 4.67 | K28: 5 | L28: 5 | M28: 4.9 | N28: 5 | O28: 3
A29: LIC. INT. EM CIENC. MAT. E LING. | B29: LIC | C29: 5000216 | D29: BELÉM | E29: IEMCI | F29: 202318060 | G29: 217723 | H29: 2025 | I29: 09/06 A 11/06/2025 | J29: 4.06 | K29: 4.56 | L29: 4.4 | M29: 4.36 | N29: 4 | O29: 5
A30: ED. CAMPO | B30: LIC | C30: 5001236 | D30: ALTAMIRA | E30: ALT | F30: 202318087 | G30: 217735 | H30: 2025 | I30: 16/06 a 18/06/2025 | J30: 4.94 | K30: 4.89 | L30: 4.75 | M30: 4.86 | N30: 5 | O30: 5
A31: FISICA | B31: LIC | C31: 1364837 | D31: SALINOPOLIS | E31: SAL | F31: 202002133 | G31: 225167 | H31: 2025 | I31: 16/06 a 18/06/2025 | J31: 3.67 | K31: 3.56 | L31: 3.33 | M31: 3.52 | N31: 4 | O31: 3
A32: CIENCIAS NATURAIS | B32: LIC | C32: 1113545 | D32: BRAGANÇA | E32: BRG | F32: 202317451 | G32: 216023 | H32: 2025 | I32: 23/06 A 25/06/2025 | J32: 4.61 | K32: 4.89 | L32: 4.9 | M32: 4.81 | N32: 5 | O32: 5
A33: MUSEOLOGIA | B33: BACH | C33: 1113542 | D33: BELÉM | E33: ICA | F33: 202424645 | G33: 226606 | H33: 2025 | I33: 25/06 A 27/06/2025 | J33: 4.86 | K33: 4.89 | L33: 4.38 | M33: 4.73 | N33: 5 | O33: 5
A34: CIENCIAS NATURAIS | B34: LIC | C34: 1113575 | D34: CAMETÁ | E34: CMT | F34: 202317452 | G34: 216027 | H34: 2025 | I34: 30/06 A 02/07/2025 | J34: 3.72 | K34: 3.67 | L34: 3.7 | M34: 3.69 | N34: 4 | O34: 5
A35: ARQUIVOLOGIA | B35: BACH | C35: 1179143 | D35: BELÉM | E35: ICSA | F35: 202317632 | G35: 215995 | H35: 2025 | I35: 18/08 A 20/08/2025 | J35: 4.71 | K35: 5 | L35: 5 | M35: 4.91 | N35: 5 | O35: 5
A36: ED. CAMPO | B36: LIC | C36: 5001237 | D36: CAMETÁ | E36: CMT | F36: 202318088 | G36: 217739 | H36: 2025 | I36: 10/09 A 12/09/2025 | J36: 5 | K36: 4.89 | L36: 4.67 | M36: 4.84 | N36: 5 | O36: 5
A37: QUIMICA | B37: LIC | C37: 1330344 | D37: ANANINDEUA | E37: ANA | F37: 202317988 | G37: 217683 | H37: 2025 | I37: 15/09 a 17/09/2025 | J37: 4.83 | K37: 5 | L37: 3.78 | M37: 4.58 | N37: 5 | O37: 5
A38: FÍSICA | B38: LIC | C38: 1330339 | D38: ANANINDEUA | E38: ANA | F38: 202317985 | G38: 217544 | H38: 2025 | I38: 15/09 A 17/09/2025 | J38: 3.78 | K38: 4.78 | L38: 4.63 | M38: 4.44 | N38: 4 | O38: 3
A39: LIC. INT. EM CIENC. MAT. E LING.(EAD) | B39: LIC | C39: 1465742 | D39: BELÉM | E39: IEMCI | F39: 202417994 | G39: 226369 | H39: 2025 | I39: 22/09 A 24/09/2026 | J39: 4.41 | K39: 4.67 | L39: 4.5 | M39: 4.54 | N39: 5 | O39: 5
A40: CIENCIAS NATURAIS | B40: LIC | C40: 114910 | D40: BELÉM | E40: ICEN | F40: 202316960 | G40: 214453 | H40: 2025 | I40: 20 a 22/10/2025 | J40: 4.72 | K40: 4.89 | L40: 5 | M40: 4.87 | N40: 5 | O40: 5
I41: Média | J41: =AVERAGE(J2:J40) -> 4.4053846 | K41: =AVERAGE(K2:K40) -> 4.5694872 | L41: =AVERAGE(L2:L40) -> 4.3015789 | M41: =AVERAGE(M2:M40) -> 4.4417949 | N41: =AVERAGE(N2:N40) -> 4.5384615 | O41: =AVERAGE(O2:O40) -> 4.6666667

Sheet 2025 (GRAF)
A1: UNIVERSIDADE FEDERAL DO PARA
A2: PRÓ-REITORIA DE PLANEJAMENTO E DESENVOLVIMENTO INSTITUCIONAL
A3: DIRETORIA DE AVALIAÇÃO INSTITUCIONAL
A4: COORDENADORIA DE AUTOAVALIAÇÃO
C16: UND-ACAD | D16: D1 | E16: D2 | F16: D3 | G16: Média CC
C17: ALT | D17: =AVERAGE('2025'!J24,'2025'!J35,'2025'!J40,'2025'!#REF!) -> #REF! | E17: =AVERAGE('2025'!K24,'2025'!K35,'2025'!K40,'2025'!#REF!) -> #REF! | F17: =AVERAGE('2025'!L24,'2025'!L35,'2025'!L40,'2025'!#REF!) -> #REF! | G17: =AVERAGE(D17:F17) -> #REF!
C18: ANA | D18: =AVERAGE('2025'!J18,'2025'!J22,'2025'!J25,'2025'!J47,'2025'!J48) -> 4.608 | E18: =AVERAGE('2025'!K18,'2025'!K22,'2025'!K25,'2025'!K47,'2025'!K48) -> 4.846 | F18: =AVERAGE('2025'!L18,'2025'!L22,'2025'!L25,'2025'!L47,'2025'!L48) -> 4.028 | G18: =AVERAGE(D18:F18) -> 4.494
C19: BRV | D19: =AVERAGE('2025'!J21) -> 3.83 | E19: =AVERAGE('2025'!K21) -> 4.22 | F19: =AVERAGE('2025'!L21) -> 4.71 | G19: =AVERAGE(D19:F19) -> 4.2533333
C20: BRG | D20: =AVERAGE('2025'!J19,'2025'!J42) -> 4.36 | E20: =AVERAGE('2025'!K19,'2025'!K42) -> 4.665 | F20: =AVERAGE('2025'!L19,'2025'!L42) -> 4.25 | G20: =AVERAGE(D20:F20) -> 4.425
C21: CMT | D21: =AVERAGE('2025'!J30,'2025'!J44,'2025'!J46) -> 4.5733333 | E21: =AVERAGE('2025'!K30,'2025'!K44,'2025'!K46) -> 4.52 | F21: =AVERAGE('2025'!L30,'2025'!L44,'2025'!L46) -> 4.13 | G21: =AVERAGE(D21:F21) -> 4.4077778
C22: CST | D22: =AVERAGE('2025'!J16) -> 4.72 | E22: =AVERAGE('2025'!K16) -> 4.78 | F22: =AVERAGE('2025'!L16) -> 4.25 | G22: =AVERAGE(D22:F22) -> 4.5833333
C23: ETDUFPA | D23: =AVERAGE('2025'!J17,'2025'!J23,'2025'!J32) -> 4.1633333 | E23: =AVERAGE('2025'!K17,'2025'!K23,'2025'!K32) -> 4.37 | F23: =AVERAGE('2025'!L17,'2025'!L23,'2025'!L32) -> 3.9833333 | G23: =AVERAGE(D23:F23) -> 4.1722222
C24: ICA | D24: =AVERAGE('2025'!J36,'2025'!J43) -> 4.16 | E24: =AVERAGE('2025'!K36,'2025'!K43) -> 4.835 | F24: =AVERAGE('2025'!L36,'2025'!L43) -> 4.58 | G24: =AVERAGE(D24:F24) -> 4.525
C25: ICB | D25: =AVERAGE('2025'!J33,'2025'!J37) -> 4.375 | E25: =AVERAGE('2025'!K33,'2025'!K37) -> 4.445 | F25: =AVERAGE('2025'!L33,'2025'!L37) -> 4.3 | G25: =AVERAGE(D25:F25) -> 4.3733333
C26: ICED | D26: =AVERAGE('2025'!J27) -> 4.89 | E26: =AVERAGE('2025'!K27) -> 4.78 | F26: =AVERAGE('2025'!L27) -> 4.75 | G26: =AVERAGE(D26:F26) -> 4.8066667
C27: ICEN | D27: =AVERAGE('2025'!J12,'2025'!J14,'2025'!J15,'2025'!J28,'2025'!J34,'2025'!J50) -> 4.32 | E27: =AVERAGE('2025'!K12,'2025'!K14,'2025'!K15,'2025'!K28,'2025'!K34,'2025'!K50) -> 4.0933333 | F27: =AVERAGE('2025'!L12,'2025'!L14,'2025'!L15,'2025'!L28,'2025'!L34,'2025'!L50) -> 4.5583333 | G27: =AVERAGE(D27:F27) -> 4.3238889
C28: ICSA | D28: =AVERAGE('2025'!J31,'2025'!J45) -> 4.66 | E28: =AVERAGE('2025'!K31,'2025'!K45) -> 4.865 | F28: =AVERAGE('2025'!L31,'2025'!L45) -> 4.875 | G28: =AVERAGE(D28:F28) -> 4.8
C29: IECOS | D29: =AVERAGE('2025'!J19) -> 4.11 | E29: =AVERAGE('2025'!K19) -> 4.44 | F29: =AVERAGE('2025'!L19) -> 3.6 | G29: =AVERAGE(D29:F29) -> 4.05
C30: IEMCI | D30: =AVERAGE('2025'!J39,'2025'!J49) -> 4.235 | E30: =AVERAGE('2025'!K39,'2025'!K49) -> 4.615 | F30: =AVERAGE('2025'!L39,'2025'!L49) -> 4.45 | G30: =AVERAGE(D30:F30) -> 4.4333333
C31: IFCH | D31: =AVERAGE('2025'!J20,'2025'!J26) -> 4.28 | E31: =AVERAGE('2025'!K20,'2025'!K26) -> 4.835 | F31: =AVERAGE('2025'!L20,'2025'!L26) -> 4.125 | G31: =AVERAGE(D31:F31) -> 4.4133333
C32: ILC | D32: =AVERAGE('2025'!J29) -> 4.78 | E32: =AVERAGE('2025'!K29) -> 5 | F32: =AVERAGE('2025'!L29) -> 3.78 | G32: =AVERAGE(D32:F32) -> 4.52
C33: SAL | D33: =AVERAGE('2025'!J13) -> 3.61 | E33: =AVERAGE('2025'!K13) -> 4.78 | F33: =AVERAGE('2025'!L13) -> 3.11 | G33: =AVERAGE(D33:F33) -> 3.8333333
C34: UFPA | D34: =AVERAGE(D17:D33) -> #REF! | E34: =AVERAGE(E17:E33) -> #REF! | F34: =AVERAGE(F17:F33) -> #REF! | G34: =AVERAGE(D34:F34) -> #REF!
A42: D1 - ORGANIZAÇÃO DIDÁTICO-PEDAGÓGICA - Fontes de Consulta: Plano de Desenvolvimento Institucional, Projeto Pedagógico do Curso, Relatório de Autoavaliação Institucional, Políticas Institucionais, Diretrizes Curriculares Nacionais, quando houver, Catálogo Nacional dos Cursos Superiores de Tecnologia, quando couber, Formulário Eletrônico preenchido pela IES no e-MEC.
A44: D2 - CORPO DOCENTE E TUTORIAL - Fontes de consulta: Projeto Pedagógico do Curso, Plano de Desenvolvimento Institucional, Políticas de Formação Docente, Formulário Eletrônico preenchido pela IES no e-MEC, Documentação Comprobatória e Catálogo Nacional dos Cursos Superiores de Tecnologia, quando couber.
A46: D3 - INFRAESTRUTURA - Fontes de Consulta: Projeto Pedagógico do Curso, Diretrizes Curriculares Nacionais, quando houver, Catálogo Nacional dos Cursos Superiores de Tecnologia, quando couber. Formulário Eletrônico preenchido pela IES no e-MEC e Documentação Comprobatória.

Sheet 2026
A1: UNIVERSIDADE FEDERAL DO PARA
A2: PRÓ-REITORIA DE PLANEJAMENTO E DESENVOLVIMENTO INSTITUCIONAL
A3: DIRETORIA DE AVALIAÇÃO INSTITUCIONAL
A4: COORDENADORIA DE AUTOAVALIAÇÃO
E9: MOSTRA O RELATÓRIO DA AVALIAÇÃO
A11: Curso | B11: MOD | C11: COD-CURSO | D11: Campus | E11: UND-ACAD | F11: Nº PROC | G11: Nº AVAL | H11: ANO AVAL | I11: INICIO | J11: D1 | K11: D2 | L11: D3 | M11: CC(CONT) | N11: CC(FAIXA) | O11: AVAL
I51: Média | J51: =AVERAGE(J12:J50) -> #DIV/0! | K51: =AVERAGE(K12:K50) -> #DIV/0! | L51: =AVERAGE(L12:L50) -> #DIV/0! | M51: =AVERAGE(M12:M50) -> #DIV/0! | N51: =AVERAGE(N12:N50) -> #DIV/0! | O51: =AVERAGE(O12:O50) -> #DIV/0!

Sheet 2026 (GRAF)
A1: UNIVERSIDADE FEDERAL DO PARA
A2: PRÓ-REITORIA DE PLANEJAMENTO E DESENVOLVIMENTO INSTITUCIONAL
A3: DIRETORIA DE AVALIAÇÃO INSTITUCIONAL
A4: COORDENADORIA DE AUTOAVALIAÇÃO
C16: UND-ACAD | D16: D1 | E16: D2 | F16: D3 | G16: Média CC
A42: D1 - ORGANIZAÇÃO DIDÁTICO-PEDAGÓGICA - Fontes de Consulta: Plano de Desenvolvimento Institucional, Projeto Pedagógico do Curso, Relatório de Autoavaliação Institucional, Políticas Institucionais, Diretrizes Curriculares Nacionais, quando houver, Catálogo Nacional dos Cursos Superiores de Tecnologia, quando couber, Formulário Eletrônico preenchido pela IES no e-MEC.
A44: D2 - CORPO DOCENTE E TUTORIAL - Fontes de consulta: Projeto Pedagógico do Curso, Plano de Desenvolvimento Institucional, Políticas de Formação Docente, Formulário Eletrônico preenchido pela IES no e-MEC, Documentação Comprobatória e Catálogo Nacional dos Cursos Superiores de Tecnologia, quando couber.
A46: D3 - INFRAESTRUTURA - Fontes de Consulta: Projeto Pedagógico do Curso, Diretrizes Curriculares Nacionais, quando houver, Catálogo Nacional dos Cursos Superiores de Tecnologia, quando couber. Formulário Eletrônico preenchido pela IES no e-MEC e Documentação Comprobatória.

Sheet 2011 A 2025
A1: UNIVERSIDADE FEDERAL DO PARA | B1: \\
A2: PRÓ-REITORIA DE PLANEJAMENTO E DESENVOLVIMENTO INSTITUCIONAL
A3: DIRETORIA DE AVALIAÇÃO INSTITUCIONAL
A4: COORDENADORIA DE AUTOAVALIAÇÃO
A9: CURSO | B9: ATO | C9: MOD | D9: COD-CURSO | E9: CAP/INT | F9: CAMPUS | G9: UND-ACAD | H9: PROC. Nº | I9: COD-AVAL | J9: ANO AVAL. | K9: PERÍODO | L9: D1 | M9: D2 | N9: D3 | O9: CC | P9: AVAL | Q9: COD-AREA
A10: EDUCAÇÃO FÍSICA | B10: RENOV-REC-C | C10: LIC | D10: 104598 | E10: CAP | F10: BELÉM | G10: ICED | H10: 200905989 | I10: 84356 | J10: 2010 | K10: 21 A 24/11/11 | L10: 4 | M10: 4 | N10: 4 | O10: 4 | P10: 2 | Q10: 04
A11: CIÊNCIAS SOCIAIS - BACHARELADO | B11: RENOV-REC-C | C11: BACH | D11: 311992 | E11: CAP | F11: BELÉM | G11: IFCH | H11: 201102336 | I11: 90053 | J11: 2011 | K11: 14 A 17/09/11 | L11: 3 | M11: 5 | N11: 2 | O11: 3 | P11: 3 | Q11: 04
A12: CIÊNCIAS SOCIAIS - LICENCIATURA | B12: RENOV-REC-C | C12: LIC | D12: 11992 | E12: CAP | F12: BELÉM | G12: IFCH | H12: 201102881 | I12: 90059 | J12: 2011 | K12: 14 A 17/09/11 | L12: 3 | M12: 5 | N12: 2 | O12: 3 | P12: 3 | Q12: 04
A13: COMUNICAÇÃO SOCIAL | B13: RENOV-REC-C | C13: BACH | D13: 28352 | E13: CAP | F13: BELÉM | G13: ILC | H13: 201101868 | I13: 89286 | J13: 2011 | K13: 26 A 29/06/11 | L13: 3 | M13: 4 | N13: 2 | O13: 3 | P13: 3 | Q13: 08
A14: ENG. DE MINAS | B14: RENOV-REC-C | C14: BACH | E14: INT | F14: MARABÁ | G14: MRB | H14: 200900270 | I14: 84741 | J14: 2011 | K14: 21 A 24/08/11 | L14: 4 | M14: 4 | N14: 3 | O14: 4 | P14: 4 | Q14: 08
A15: ENG. ELÉTRICA | B15: RENOV-REC-C | C15: BACH | D15: 12004 | E15: CAP | F15: BELÉM | G15: ITEC | H15: 201101219 | I15: 89277 | J15: 2011 | K15: 17 A 20/08/11 | L15: 2 | M15: 4 | N15: 3 | O15: 3 | P15: 2 | Q15: 08
A16: ENG. MECÂNICA | B16: RENOV-REC-C | C16: BACH | D16: 12003 | E16: CAP | F16: BELÉM | G16: ITEC | H16: 201101816 | I16: 89285 | J16: 2011 | K16: 26 A 29/06/11 | L16: 3 | M16: 3 | N16: 2 | O16: 3 | P16: 3 | Q16: 08
A17: ENG. NAVAL | B17: RENOV-REC-C | C17: BACH | D17: 87758 | E17: CAP | F17: BELÉM | G17: ITEC | H17: 200902233 | I17: 84354 | J17: 2011 | K17: 18 A 21/09/11 | L17: 5 | M17: 5 | N17: 5 | O17: 5 | P17: 4 | Q17: 08
A18: ENG. QUÍMICA | B18: RENOV-REC-C | C18: BACH | D18: 12006 | E18: CAP | F18: BELÉM | G18: ITEC | H18: 201102682 | I18: 89288 | J18: 2011 | K18: 40677 | L18: 2 | M18: 4 | N18: 3 | O18: 3 | P18: 2 | Q18: 08
A19: ENG.MATERIAIS | B19: RENOV-REC-C | C19: BACH | E19: INT | F19: MARABÁ | G19: MRB | H19: 200812042 | I19: 82698 | J19: 2011 | K19: 23 A 26/03/11 | L19: 4 | M19: 4 | N19: 4 | O19: 4 | P19: 4 | Q19: 03
A20: ESTATÍSTICA | B20: RENOV-REC-C | C20: BACH | D20: 12024 | E20: CAP | F20: BELÉM | G20: ICEN | H20: 201101331 | I20: 89456 | J20: 2011 | K20: 26 A 29/10/11 | L20: 2 | M20: 4 | N20: 2 | O20: 3 | P20: 2 | Q20: 03
A21: FÍSICA | B21: RENOV-REC-C | C21: LIC | D21: 12022 | E21: CAP | F21: BELÉM | G21: ICEN | H21: 201101549 | I21: 89689 | J21: 2011 | K21: 17 A 20/08/11 | L21: 3 | M21: 4 | N21: 3 | O21: 3 | P21: 3 | Q21: 01
A22: LETRAS | B22: RENOV-REC-C | C22: LIC | D22: 115013 | E22: INT | F22: BREVES | G22: BRV | H22: 201101503 | I22: 89587 | J22: 2011 | K22: 29/11 A 03/12/11 | L22: 3 | M22: 3 | N22: 2 | O22: 3 | P22: 3 | Q22: 02
A23: MATEMÁTICA | B23: RENOV-REC-C | C23: LIC | D23: 114853 | E23: INT | F23: ABAETETUBA | G23: ABT | H23: 201101188 | I23: 89275 | J23: 2011 | K23: 24 A 17/08/11 | L23: 3 | M23: 3 | N23: 3 | O23: 3 | P23: 1 | Q23: 02
A24: MÚSICA | B24: RENOV-REC-C | C24: LIC | D24: 114950 | E24: CAP | F24: BELÉM | G24: ICA | H24: 201007619 | I24: 85732 | J24: 2011 | K24: 16 A 19/11/11 | L24: 4 | M24: 4 | N24: 2 | O24: 4 | P24: 3 | Q24: 01
A25: PEDAGOGIA | B25: RENOV-REC-C | C25: LIC | D25: 12061 | E25: INT | F25: BRAGANÇA | G25: BRG | H25: 201101182 | I25: 89582 | J25: 2011 | K25: 18 A 21/05/11 | L25: 3 | M25: 3 | N25: 2 | O25: 3 | P25: 3 | Q25: 01
A26: PEDAGOGIA | B26: RENOV-REC-C | C26: LIC | D26: 12111 | E26: INT | F26: BREVES | G26: BRV | H26: 201101283 | I26: 89279 | J26: 2011 | K26: 27/09 A 01/10/11 | L26: 3 | M26: 3 | N26: 2 | O26: 3 | P26: 3 | Q26: 03
A27: QUIMICA | B27: RENOV-REC-C | C27: BACH | D27: 12007 | E27: CAP | F27: BELÉM | G27: ICEN | H27: 201101981 | I27: 89629 | J27: 2011 | K27: 19 A 22/06/11 | L27: 3 | M27: 4 | N27: 3 | O27: 3 | P27: 3 | Q27: 03
A28: AGRONOMIA | B28: RENOV-REC-C | C28: BACH | D28: 53101 | E28: INT | F28: ALTAMIRA | G28: ALT | H28: 201201459 | I28: 96700 | J28: 2012 | K28: 07/11 A 10/11/12 | L28: 2.9 | M28: 3.5 | N28: 1.6 | O28: 3 | P28: 3 | Q28: 03
A29: CIENCIAS BIOLOGICAS | B29: RENOV-REC-C | C29: LIC | D29: 18491 | E29: INT | F29: ALTAMIRA | G29: ALT | H29: 201201654 | I29: 96705 | J29: 2012 | K29: 04/11 A 07/11/2012 | L29: 3.6 | M29: 4.4 | N29: 4.3 | O29: 4 | P29: 3 | Q29: 09
A30: CIENCIAS BIOLOGICAS | B30: RENOV-REC-C | C30: LIC | D30: 104640 | E30: INT | F30: SOURE | G30: SOU | H30: 201113635 | I30: 94739 | J30: 2012 | K30: 30/11 A 03/12/2012 | L30: 3 | M30: 3.7 | N30: 2.2 | O30: 3 | P30: 3 | Q30: 05
A31: CIENCIAS BIOLOGICAS - EAD | B31: RENOV-REC-C | C31: LIC | D31: 1148030 | E31: CAP | F31: BELÉM | G31: ICB | H31: 201200046 | I31: 96386 | J31: 2012 | K31: 04/11 A 07/11/12 | L31: 3.4 | M31: 4.1 | N31: 2.1 | O31: 3 | P31: 2 | Q31: 05
... A34: GEOLOGIA | B34: RENOV-REC-C | C34: BACH | D34: 12005 | E34: CAP | F34: BELÉM | G34: IG | H34: 201114820 | I34: 95661 | J34: 2012 | K34: 15 A 18/08/2012 | L34: 4.4 | M34: 4.3 | N34: 4.3 | O34: 4 | P34: 4 | Q34: 01
A35: GEOLOGIA | B35: RENOV-REC-C | C35: BACH | E35: INT | F35: MARABÁ | G35: MRB | H35: 201113411 | I35: 94201 | J35: 2012 | K35: 01/08 A 04/08/2012 | L35: 3.1 | M35: 4.1 | N35: 3.3 | O35: 3 | P35: 1 | Q35: 01
A36: HISTÓRIA | B36: RENOV-REC-C | C36: LIC | D36: 12073 | E36: INT | F36: CAMETÁ | G36: IFCH | H36: 201201787 | I36: 96713 | J36: 2012 | K36: 04/11 A 07/11/2012 | L36: 3 | M36: 4.3 | N36: 1.9 | O36: 3 | P36: 3 | Q36: 01
A37: LETRAS - ALEMÃO | B37: RENOV-REC-C | C37: LIC | D37: 86286 | E37: CAP | F37: BELÉM | G37: ILC | H37: 201100607 | I37: 93434 | J37: 2012 | K37: 08/08 A 11/08/2012 | L37: 3.5 | M37: 3.4 | N37: 3.6 | O37: 4 | P37: 3 | Q37: 01
A38: LETRAS - PORTUGUÊS | B38: RENOV-REC-C | C38: LIC | D38: 114876 | E38: INT | F38: ALTAMIRA | G38: ALT | H38: 201201183 | I38: 96312 | J38: 2012 | K38: 12/12 A 15/12/2012 | L38: 3.2 | M38: 4.3 | N38: 2.1 | O38: 3 | P38: 3 | Q38: 05
A39: MATEMÁTICA | B39: RENOV-REC-C | C39: LIC | D39: 12074 | E39: INT | F39: CAMETÁ | G39: CMT | H39: 201202145 | I39: 96718 | J39: 2012 | K39: 24 A 27/02/2012 | L39: 2.9 | M39: 4.1 | N39: 1.6 | O39: 3 | P39: 3 | Q39: 01
A40: QUÍMICA - EAD | B40: RENOV-REC-C | C40: LIC | D40: 114892 | E40: CAP | F40: BELÉM | G40: ICEN | H40: 201113636 | I40: 96694 | J40: 2012 | K40: 04/11 A 07/11/2012 | L40: 2.3 | M40: 3.2 | N40: 1.8 | O40: 2 | P40: 2 | Q40: 01
A41: SISTEMA DE INFORMAÇÃO | B41: RENOV-REC-C | C41: BACH | D41: 1113582 | E41: INT | F41: CASTANHAL | G41: CST | H41: 201203993 | I41: 96801 | J41: 2012 | K41: 24 A 27/02/2012 | L41: 2.7 | M41: 3.9 | N41: 2.6 | O41: 3 | P41: 1 | Q41: 01
A42: ARTES VISUAIS | B42: RENOV-REC-C | C42: LIC | D42: 114907 | E42: CAP | F42: BELÉM | G42: ICA | H42: 201108850 | I42: 93690 | J42: 2013 | K42: 05 A 080513 | L42: 3.5 | M42: 4.6 | N42: 2.5 | O42: 4 | P42: 3 | Q42: 01
A43: BIOTECNOLOGIA | B43: RENOV-REC-C | C43: BACH | D43: 1109834 | E43: CAP | F43: BELÉM | G43: ICB | H43: 201203362 | I43: 96504 | J43: 2013 | K43: 17 A 200713 | L43: 3.5 | M43: 3.9 | N43: 2.5 | O43: 3 | P43: 2 | Q43: #N/A
A44: CIENCIAS NATURAIS | B44: RENOV-REC-C | C44: LIC | D44: 114910 | E44: CAP | F44: BELÉM | G44: ICEN | H44: 201112597 | I44: 98531 | J44: 2013 | K44: 17 A 200413 | L44: 3.1 | M44: 4.2 | N44: 4 | O44: 4 | P44: 3 | Q44: 01
A45: CIENCIAS NATURAIS | B45: RENOV-REC-C | C45: LIC | D45: 1113545 | E45: INT | F45: BRAGANÇA | G45: BRG | H45: 201117382 | I45: 97990 | J45: 2013 | K45: 05 A 080513 | L45: 3.6 | M45: 3.5 | N45: 3.1 | O45: 3 | P45: 3 | Q45: 01
A46: CIENCIAS NATURAIS | B46: RENOV-REC-C | C46: LIC | D46: 1113575 | E46: INT | F46: CAMETÁ | G46: CMT | H46: 201203940 | I46: 97999 | J46: 2013 | K46: 02 A 050613 | L46: 2.9 | M46: 3.4 | N46: 1.8 | O46: 3 | P46: 2 | Q46: 01
A47: CIENCIAS NATURAIS | B47: RENOV-REC-C | C47: LIC | E47: INT | F47: MARABÁ | G47: MRB | J47: 2013 | K47: 30 A 021113 | L47: 2.6 | M47: 4.1 | N47: 2.1 | O47: 3 | P47: 3 | Q47: 01
A48: EDUCAÇÃO DO CAMPO | B48: RENOV-REC-C | C48: LIC | E48: INT | F48: MARABÁ | G48: MRB | H48: 201013329 | I48: 88618 | J48: 2013 | K48: 17 A 200313 | L48: 4 | M48: 4 | N48: 3 | O48: 4 | P48: 2 | Q48: 01
A49: ENG. CIVIL | B49: RENOV-REC-C | C49: BACH | D49: 92859 | E49: INT | F49: TUCURUÍ | G49: TUC | H49: 201204945 | I49: 97689 | J49: 2013 | K49: 25 A 280213 | L49: 3.2 | M49: 3.6 | N49: 3.1 | O49: 3 | P49: 3 | Q49: 01
A50: ENG. DE PESCA | B50: RENOV-REC-C | C50: BACH | D50: 92853 | E50: INT | F50: BRAGANÇA | G50: BRG | H50: 201008709 | I50: 84679 | J50: 2013 | K50: 03 A 060413 | L50: 4 | M50: 5 | N50: 1 | O50: 3 | P50: 3 | Q50: 01
A51: ENG. ELÉTRICA | B51: RENOV-REC-C | C51: BACH | D51: 92861 | E51: INT | F51: TUCURUÍ | G51: TUC | H51: 201206405 | I51: 98763 | J51: 2013 | K51: 05 A 080513 | L51: 3.8 | M51: 3.4 | N51: 3.4 | O51: 4 | Q51: 03
A52: ENG. MECÂNICA | B52: RENOV-REC-C | C52: BACH | D52: 12003 | E52: CAP | F52: BELÉM | G52: ITEC | H52: 201216515 | I52: 99225 | J52: 2013 | K52: 25 A 280813 | L52: 3.5 | M52: 4.3 | N52: 3.4 | O52: 4 | P52: 3 | Q52: 03
A53: HISTÓRIA | B53: RENOV-REC-C | C53: LIC | D53: 12065 | E53: INT | F53: BRAGANÇA | G53: BRG | H53: 201207762 | I53: 98031 | J53: 2013 | K53: 21 A 240413 | L53: 4.1 | M53: 4.8 | N53: 3.1 | O53: 4 | P53: 4 | Q53: 01
A54: LETRAS | B54: RENOV-REC-C | C54: LIC | D54: 115013 | E54: INT | F54: BREVES | G54: BRV | H54: 201216487 | I54: 99223 | J54: 2013 | K54: 02 A 051013 | L54: 3.1 | M54: 3.6 | N54: 2.4 | O54: 3 | P54: 2 | Q54: 02
A55: LETRAS - ESPANHOL | B55: RENOV-REC-C | C55: LIC | D55: 104612 | E55: CAP | F55: BELÉM | G55: ILC | H55: 201210141 | I55: 99821 | J55: 2013 | K55: 08 A 110913 | L55: 3.8 | M55: 4.2 | N55: 3.6 | O55: 4 | P55: 2 | Q55: 02
A56: LETRAS - INGLES | B56: RENOV-REC-C | C56: LIC | D56: 114877 | E56: INT | F56: ALTAMIRA | G56: ALT | H56: 201207537 | I56: 99526 | J56: 2013 | K56: 21 A 240813 | L56: 4 | M56: 4 | N56: 2 | O56: 3 | P56: 4 | Q56: 03
A57: LETRAS - INGLES | B57: RENOV-REC-C | C57: LIC | D57: 114875 | E57: INT | F57: BRAGANÇA | G57: BRG | H57: 201206412 | I57: 99330 | J57: 2013 | K57: 08 A 110913 | L57: 4.1 | M57: 4.6 | N57: 3.3 | O57: 4 | P57: 2 | Q57: 04
A58: LETRAS - PORT - EAD | B58: RENOV-REC-C | C58: LIC | D58: 115161 | E58: CAP | F58: BELÉM | G58: ILC | H58: 201200143 | I58: 96388 | J58: 2013 | K58: 03 A 060313 | L58: 3.5 | M58: 4 | N58: 3.4 | O58: 4 | P58: 2 | Q58: 04
A59: LETRAS - PORTUGUÊS | B59: RENOV-REC-C | C59: LIC | D59: 114850 | E59: INT | F59: ABAETETUBA | G59: ABT | H59: 201208944 | I59: 99987 | J59: 2013 | K59: 18 A 210813 | L59: 2.5 | M59: 3.7 | N59: 2.8 | O59: 3 | P59: 1 | Q59: 02
A60: LETRAS - PORTUGUÊS | B60: RENOV-REC-C | C60: LIC | D60: 114846 | E60: INT | F60: CAMETÁ | G60: CMT | H60: 201209286 | I60: 10001 | J60: 2013 | K60: 18 A 210913 | L60: 3 | M60: 4 | N60: 2.4 | O60: 3 | P60: 2 | Q60: 01
A61: QUÍMICA - EAD | B61: RENOV-REC-C | C61: LIC | E61: INT | F61: POLO BUJARU | G61: ICEN | H61: 201113636 | I61: 96695 | J61: 2013 | K61: 24 A 270213 | L61: 3 | M61: 3.2 | N61: 3.2 | O61: 3 | P61: 2 | Q61: 01
A62: SEDE - EAD | B62: RENOV-REC-C | C62: - | E62: CAP | F62: BELÉM | G62: UFPA-EAD | H62: 201203603 | I62: 100904 | J62: 2013 | K62: 22 A 261013 | L62: 5 | M62: 2 | N62: 4 | O62: 3 | P62: 5 | Q62: #N/A
A63: ADMINITRAÇÃO PÚBLICA - EAD | B63: RENOV-REC-C | C63: BACH | D63: 1203245 | E63: CAP | F63: BELÉM | G63: ICSA | H63: 201305868 | I63: 100591 | J63: 2014 | K63: 09 A 12/03/14 | L63: 4.4 | M63: 4.5 | N63: 4.1 | O63: 4 | P63: 4 | Q63: 08
A64: AGRONOMIA | B64: RENOV-REC-C | C64: BACH | D64: 1179151 | E64: INT | F64: CAMETÁ | G64: CMT | H64: 201413846 | I64: 116285 | J64: 2014 | K64: 14 A 17/12/2014 | L64: 3.2 | M64: 4.4 | N64: 2.3 | O64: 3 | P64: 2 | Q64: 04
A65: COM.SOCIAL-JORNALISMO | B65: RENOV-REC-C | C65: BACH | D65: 25795 | E65: CAP | F65: BELÉM | G65: ILC | H65: 201360675 | I65: 115517 | J65: 2014 | K65: 14 A 17/12/2014 | L65: 3.1 | M65: 4.4 | N65: 2.8 | O65: 3 | P65: 2 | Q65: #N/A
A66: DANÇA | B66: RENOV-REC-C | C66: LIC | D66: 114914 | E66: CAP | F66: BELÉM | G66: ICA | H66: 201007991 | I66: 85886 | J66: 2014 | K66: 25 A 28/05/2014 | L66: 5 | M66: 5 | N66: 4 | O66: 5 | P66: 4 | Q66: #N/A
A67: DIREITO | B67: RENOV-REC-C | C67: BACH | D67: 11990 | E67: CAP | F67: BELÉM | G67: ICJ | H67: 201402776 | I67: 110014 | J67: 2014 | K67: 09 A 12/11/14 | L67: 3.1 | M67: 3.9 | N67: 2.8 | O67: 3 | P67: 2 | Q67: #N/A
A68: EAD | B68: RENOV-REC-C | C68: - | E68: INT | F68: CAPANEMA | G68: UFPA | H68: 201203603 | I68: 100906 | J68: 2014 | K68: 16 A 20/02/14 | L68: 2 | M68: 2 | N68: 3 | O68: 2 | P68: 2 | Q68: 01
A69: EAD - Campus UFPA | B69: RENOV-REC-C | C69: - | E69: CAP | F69: BELÉM | G69: UFPA | H69: 201203603 | I69: 100905 | J69: 2014 | K69: 03 A 06/08/2014 | L69: 2 | M69: 2 | N69: 3 | O69: 3 | P69: 2 | Q69: 01
A70: EAD - MARABA | B70: RENOV-REC-C | C70: - | E70: INT | F70: MARABÁ | G70: MRB | H70: 201203603 | I70: 100907 | J70: 2014 | K70: 41737 | L70: 3 | M70: 3 | N70: 3 | O70: 3 | P70: 3 | Q70: #N/A
A71: ENG. INDUSTRIAL | B71: RENOV-REC-C | C71: BACH | D71: 1110447 | E71: INT | F71: ABAETETUBA | G71: ABT | H71: 201013883 | I71: 88057 | J71: 2014 | K71: 09 A 12/02/14 | L71: 3 | M71: 4 | N71: 3 | O71: 3 | P71: 2 | Q71: 01
A72: ENG.MATERIAIS | B72: RENOV-REC-C | C72: BACH | D72: 5001235 | E72: INT | F72: ANANINDEUA | G72: ANA | H72: 201302215 | I72: 104523 | J72: 2014 | K72: 05 A 08/02/14 | L72: 3.4 | M72: 4 | N72: 2.9 | O72: 3 | P72: 3 | Q72: 01
A73: ETNODESENVOLVIMENTO | B73: RENOV-REC-C | C73: BACH | D73: 5001234 | E73: INT | F73: ALTAMIRA | G73: ALT | H73: 201200573 | I73: 101607 | J73: 2014 | K73: 21 A 24/05/2014 | L73: 3.4 | M73: 3.4 | N73: 2.8 | O73: 3 | P73: 1 | Q73: 01
A74: FÍSICA | B74: RENOV-REC-C | C74: LIC | D74: 92851 | E74: INT | F74: ABAETETUBA | G74: ABT | H74: 201403706 | I74: 110253 | J74: 2014 | K74: 03 a 06/08/2014 | L74: 3.8 | M74: 3.7 | N74: 3.5 | O74: 4 | P74: 3 | Q74: 01
A75: FISIOTERAPIA | B75: RENOV-REC-C | C75: BACH | D75: 1113541 | E75: CAP | F75: BELÉM | G75: ICS | H75: 201300118 | I75: 108467 | J75: 2014 | K75: 27 A 30/04/2014 | L75: 4.3 | M75: 4.1 | N75: 2.5 | O75: 4 | P75: 4 | Q75: 01
A76: GEOFÍSICA | B76: RENOV-REC-C | C76: BACH | D76: 66739 | E76: CAP | F76: BELÉM | G76: IG | H76: 201350666 | I76: 104113 | J76: 2014 | K76: 21 a 24/09/2014 | L76: 3.9 | M76: 4.2 | N76: 3.3 | O76: 4 | P76: 3 | Q76: 09
A77: GEOGRAFIA | B77: RENOV-REC-C | C77: LIC | D77: 11991 | E77: CAP | F77: BELÉM | G77: IFCH | J77: 2014 | K77: 30/11 A 03/12/2014 | L77: 3.1 | M77: 4 | N77: 3.8 | O77: 4 | P77: 3 | Q77: 07
A78: INTERDISCIPLINAR EM CIÊNCIAS, MAT E LINGUAGEM | B78: RENOV-REC-C | C78: LIC | D78: 1465742 | E78: CAP | F78: BELÉM | G78: IEMCI | H78: 201203179 | I78: 98943 | J78: 2014 | K78: 09 A 12/02/14 | L78: 4.1 | M78: 4.8 | N78: 3.4 | O78: 4 | P78: 2 | Q78: 07
A79: LETRAS - INGLES | B79: RENOV-REC-C | C79: LIC | D79: 114847 | E79: INT | F79: CAMETÁ | G79: CMT | H79: 201208072 | I79: 100926 | J79: 2014 | K79: 09 A 12/03/14 | L79: 4 | M79: 4.5 | N79: 2.8 | O79: 4 | P79: 4 | Q79: 07
A80: LETRAS - INGLES | B80: RENOV-REC-C | C80: LIC | D80: 95652 | E80: INT | F80: SOURE | G80: SOU | H80: 201357622 | I80: 107640 | J80: 2014 | K80: 24 a 27/09/2014 | L80: 3 | M80: 3 | N80: 1.9 | O80: 3 | P80: 3 | Q80: 07
A81: LETRAS - PORTUGUÊS | B81: RENOV-REC-C | C81: LIC | D81: 114857 | E81: INT | F81: CASTANHAL | G81: CST | H81: 201302056 | I81: 100986 | J81: 2014 | K81: 24 a 27/08/2014 | L81: 3.5 | M81: 4.9 | N81: 4 | O81: 4 | P81: 4 | Q81: 07
A82: LETRAS LIBRAS | B82: RENOV-REC-C | C82: LIC | D82: 1186804 | E82: CAP | F82: BELÉM | G82: ILC | H82: 201306381 | I82: 102282 | J82: 2014 | K82: 03 A 06/08/2014 | L82: 3.3 | M82: 3.7 | N82: 2.8 | O82: 3 | P82: 3 | Q82: 07
A83: MEDICINA | B83: RENOV-REC-C | C83: BACH | D83: 12015 | E83: CAP | F83: BELÉM | G83: ICS | H83: 201101339 | I83: 109100 | J83: 2014 | K83: 11 A 14/05/2014 | L83: 3.3 | M83: 4.1 | N83: 3.3 | O83: 4 | P83: 3 | Q83: #N/A
A84: MUSEOLOGIA | B84: RENOV-REC-C | C84: BACH | D84: 1113542 | E84: CAP | F84: BELÉM | G84: ICA | H84: 201203361 | I84: 108398 | J84: 2014 | K84: 27 A 30/04/2014 | L84: 3.8 | M84: 4.2 | N84: 2.6 | O84: 4 | P84: 4 | Q84: 08
A85: TERAPIA OCUPACIONAL | B85: RENOV-REC-C | C85: BACH | D85: 1164805 | E85: CAP | F85: BELÉM | G85: ICS | H85: 201357216 | I85: 107207 | J85: 2014 | K85: 23 A 26/11/2014 | L85: 3.3 | M85: 3.9 | N85: 2.7 | O85: 3 | P85: 3 | Q85: 08
A86: ARTES VISUAIS | B86: RENOV-REC-C | C86: BACH | D86: 414907 | E86: CAP | F86: BELÉM | G86: ICA | H86: 201350143 | I86: 104053 | J86: 2015 | K86: 22 A 25/02/2015 | L86: 4.1 | M86: 4.5 | N86: 3.8 | O86: 4 | P86: 3 | Q86: 07
A87: BIBLIOTECONOMIA | B87: RENOV-REC-C | C87: BACH | D87: 11987 | E87: CAP | F87: BELÉM | G87: ICSA | H87: 201410728 | I87: 119796 | J87: 2015 | K87: 18 A 21/11/015 | L87: 3.4 | M87: 4.6 | N87: 2.7 | O87: 4 | P87: 1 | Q87: 07
A88: COM.SOCIAL-PUB | B88: RENOV-REC-C | C88: BACH | D88: 28352 | E88: CAP | F88: BELÉM | G88: ILC | H88: 201407696 | I88: 112181 | J88: 2015 | K88: 03 A 06/05/2015 | L88: 3.4 | M88: 4.6 | N88: 2.8 | O88: 4 | P88: 3 | Q88: 07
A89: LETRAS - ESPANHOL | B89: RENOV-REC-C | C89: LIC | D89: 1179262 | E89: INT | F89: ABAETETUBA | G89: ABT | H89: 201357263 | I89: 107071 | J89: 2015 | K89: 02 A 05/08/015 | L89: 3.5 | M89: 2.3 | N89: 3.1 | O89: 3 | P89: 4 | Q89: 08
A90: LETRAS - ESPANHOL | B90: RENOV-REC-C | C90: LIC | D90: 1187074 | E90: INT | F90: CASTANHAL | G90: CST | H90: 201357270 | I90: 107115 | J90: 2015 | K90: 16 a 19/09/015 | L90: 3.8 | M90: 4.6 | N90: 3.6 | O90: 4 | P90: 3 | Q90: 08
A91: PEDAGOGIA | B91: RENOV-REC-C | C91: LIC | D91: 12111 | E91: INT | F91: BREVES | G91: BRV | H91: 201216494 | I91: 99224 | J91: 2015 | K91: 21 a 24/06/2015 | L91: 4.1 | M91: 4.3 | N91: 3.5 | O91: 4 | P91: 3 | Q91: 07
A92: PROD. MULTIMIDIA | B92: RENOV-REC-C | C92: TEC | D92: 1191346 | E92: CAP | F92: BELÉM | G92: ICA | H92: 201403408 | I92: 110470 | J92: 2015 | K92: 12 A 15/04/2015 | L92: 3.8 | M92: 4.4 | N92: 3.2 | O92: 4 | P92: 3 | Q92: 07
A93: SISTEMA DE INFORMAÇÃO | B93: RENOV-REC-C | C93: BACH | D93: 1180773 | E93: INT | F93: CAMETÁ | G93: CMT | H93: 201356894 | I93: 107052 | J93: 2015 | K93: 08 A 11/02/2015 | L93: 3.5 | M93: 4 | N93: 2.9 | O93: 3 | P93: 2 | Q93: 07
A94: ADMINISTRAÇÃO | B94: RENOV-REC-C | C94: BACH | D94: 11989 | E94: CAP | F94: BELÉM | G94: ICSA | H94: 201410961 | I94: 120548 | J94: 2016 | K94: 21 A 24/02 | L94: 3.2 | M94: 4.3 | N94: 3.1 | O94: 4 | P94: 3 | Q94: 07
A95: AGRONOMIA | B95: RENOV-REC-C | C95: BACH | D95: 53101 | E95: INT | F95: ALTAMIRA | G95: ALT | H95: 201418317 | I95: 125528 | J95: 2016 | K95: 05 a 08/10/16 | L95: 3.1 | M95: 3.8 | N95: 2.3 | O95: 3 | P95: 3 | Q95: 07
... A99: GEOGRAFIA | B99: RENOV-REC-C | C99: BACH | D99: 311991 | E99: CAP | F99: BELÉM | G99: IFCH | H99: 201217042 | I99: 125503 | J99: 2016 | K99: 03 A 06/08/16 | L99: 3.4 | M99: 4.2 | N99: 2.5 | O99: 3 | P99: 3 | Q99: 07
A100: GEOGRAFIA | B100: RENOV-REC-C | C100: LIC | D100: 1194057 | E100: INT | F100: CAMETÁ | G100: CMT | H100: 201501047 | I100: 123420 | J100: 2016 | K100: 09/03 A 12/03 | L100: 3.1 | M100: 4.1 | N100: 1.7 | O100: 3 | P100: 2 | Q100: #N/A
A101: GEOPROCESSAMENTO | B101: RENOV-REC-C | C101: TEC | D101: 1299461 | E101: INT | F101: ANANINDEUA | G101: ANA | H101: 201602247 | I101: 127685 | J101: 2016 | K101: 11 A 14/12 | L101: 3.8 | M101: 4.1 | N101: 3.2 | O101: 4 | P101: 3 | Q101: 07
A102: AGRONOMIA | B102: RENOV-REC-C | C102: BACH | D102: 1179151 | E102: INT | F102: CAMETÁ | G102: CMT | H102: 201413846 | I102: 130974 | J102: 2017 | K102: 42890 | L102: 3.5 | M102: 3.6 | N102: 3.4 | O102: 4 | P102: 3 | Q102: 05
A103: ARQUIVOLOGIA | B103: RENOV-REC-C | C103: BACH | D103: 1179143 | E103: CAP | F103: BELÉM | G103: ICSA | H103: 201413605 | I103: 116261 | J103: 2017 | K103: 42834 | L103: 4 | M103: 4.7 | N103: 2.5 | O103: 4 | P103: 4 | Q103: 05
A104: CIENCIA E TECNOLOGIA | B104: RENOV-REC-C | C104: BACH | D104: 5001238 | E104: INT | F104: ANANINDEUA | G104: ANA | H104: 201506093 | I104: 124705 | J104: 2017 | K104: 42953 | L104: 2.5 | M104: 3.9 | N104: 2.5 | O104: 3 | P104: 2 | Q104: 05
A105: CIENCIAS NATURAIS | B105: RENOV-REC-C | C105: LIC | D105: 114910 | E105: CAP | F105: BELÉM | G105: ICEN | H105: 201616942 | I105: 135897 | J105: 2017 | K105: 42949 | L105: 3.3 | M105: 3.9 | N105: 3.3 | O105: 3 | P105: 3 | Q105: 03
A106: CIENCIAS NATURAIS | B106: RENOV-REC-C | C106: LIC | D106: 1113545 | E106: INT | F106: BRAGANÇA | G106: BRG | H106: 201616997 | I106: 135902 | J106: 2017 | K106: 42946 | L106: 3.6 | M106: 3.8 | N106: 3.1 | O106: 4 | P106: 3 | Q106: 03
A107: EDUCAÇÃO DO CAMPO | B107: RENOV-REC-C | C107: LIC | D107: 5001237 | E107: INT | F107: CAMETÁ | G107: CMT | H107: 201607682 | I107: 130677 | J107: 2017 | K107: 42953 | L107: 3.6 | M107: 4.3 | N107: 2.6 | O107: 4 | P107: 4 | Q107: 01
A108: ENG. BIOMÉDICA | B108: RENOV-REC-C | C108: BACH | D108: 1191473 | E108: CAP | F108: BELÉM | G108: ITEC | H108: 201505762 | I108: 124704 | J108: 2017 | K108: 43023 | L108: 4.1 | M108: 3.8 | N108: 4.2 | O108: 4 | P108: 2 | Q108: 03
A109: ENG. FERROVIARIA E LOGISTICA | B109: RENOV-REC-C | C109: BACH | D109: 1285065 | E109: CAP | F109: BELÉM | G109: ITEC | H109: 201607684 | I109: 130689 | J109: 2017 | K109: 43068 | L109: 3.3 | M109: 4.3 | N109: 2.6 | O109: 3 | P109: 3 | Q109: #N/A
...

Sheet EVOLUÇÃO-UND-ACAD
B1: UNIVERSIDADE FEDERAL DO PARA
B2: PRÓ-REITORIA DE PLANEJAMENTO E DESENVOLVIMENTO INSTITUCIONAL
B3: DIRETORIA DE AVALIAÇÃO INSTITUCIONAL
B4: COORDENADORIA DE AUTOAVALIAÇÃO
A10: COD_CURSO | B10: CURSO | C10: MODALIDADE | D10: CAMPUS | E10: UND-ACAD | F10: ANO PROC | G10: PROC Nº | H10: ANO VISITA | I10: D1 | J10: D2 | K10: D3 | L10: CC | M10: AVAL | P10: CURSO | Q10: MODALIDADE | R10: COD_CURSO | S10: CAMPUS | T10: UND-ACAD | U10: ANO PROC | V10: PROC Nº | W10: ANO VISITA | X10: DATA | Y10: D1 | Z10: D2 | AA10: D3 | AB10: CC | AC10: AVAL
A11: 114853 | B11: MATEMÁTICA | C11: LIC | D11: ABAETETUBA | E11: ABT | F11: 2011 | G11: 201101188 | H11: 2011 | I11: 3 | J11: 3 | K11: 3 | L11: 3 | M11: 1 | P11: ENGENHARIA QUÍMICA | Q11: BACH | S11: BELÉM | T11: ITEC | U11: 201102682 | V11: 89288 | W11: 2011 | X11: 40677 | Y11: 2 | Z11: 4 | AA11: 3 | AB11: 3 | AC11: 2
A12: 12061 | B12: PEDAGOGIA | C12: LIC | D12: BRAGANÇA | E12: BRG | F12: 2011 | G12: 201101182 | H12: 2011 | I12: 3 | J12: 3 | K12: 2 | L12: 3 | M12: 3 | P12: QUÍMICA | Q12: BACH | S12: BELÉM | T12: ICEN | U12: 201101981 | V12: 89629 | W12: 2011 | X12: 19 A 22/06/11 | Y12: 3 | Z12: 4 | AA12: 3 | AB12: 3 | AC12: 3
A13: 12111 | B13: PEDAGOGIA | C13: LIC | D13: BREVES | E13: BRV | F13: 2011 | G13: 201101283 | H13: 2011 | I13: 3 | J13: 3 | K13: 2 | L13: 3 | M13: 3 | P13: ENGENHARIA MECÂNICA | Q13: BACH | S13: BELÉM | T13: ITEC | U13: 201101816 | V13: 89285 | W13: 2011 | X13: 26 A 29/06/11 | Y13: 3 | Z13: 3 | AA13: 2 | AB13: 3 | AC13: 3
A14: 115013 | B14: LETRAS - PORTUGUÊS | C14: LIC | D14: BREVES | E14: BRV | F14: 2011 | G14: 201101503 | H14: 2011 | I14: 3 | J14: 3 | K14: 2 | L14: 3 | M14: 3 | P14: COMUNICAÇÃO SOCIAL | Q14: BACH | S14: BELÉM | T14: ILC | U14: 201101868 | V14: 89286 | W14: 2011 | X14: 26 A 29/06/11 | Y14: 3 | Z14: 4 | AA14: 2 | AB14: 3 | AC14: 3
A15: 114950 | B15: MÚSICA | C15: LIC | D15: BELÉM | E15: ICA | F15: 2010 | G15: 201007619 | H15: 2011 | I15: 4 | J15: 4 | K15: 2 | L15: 4 | M15: 3 | P15: ENGENHARIA ELÉTRICA | Q15: BACH | S15: BELÉM | T15: ITEC | U15: 201101219 | V15: 89277 | W15: 2011 | X15: 17 A 20/08/11 | Y15: 2 | Z15: 4 | AA15: 3 | AB15: 3 | AC15: 2
A16: 104598 | B16: EDUCAÇÃO FÍSICA | C16: LIC | D16: BELÉM | E16: ICED | F16: 2009 | G16: 200905989 | H16: 2010 | I16: 4 | J16: 4 | K16: 4 | L16: 4 | M16: 2 | P16: FÍSICA - LICENCIATURA | Q16: LIC | S16: BELÉM | T16: ICEN | U16: 201101549 | V16: 89689 | W16: 2011 | X16: 17 A 20/08/11 | Y16: 3 | Z16: 4 | AA16: 3 | AB16: 3 | AC16: 3
A17: 12007 | B17: QUIMICA (BACH) | C17: BACH | D17: BELÉM | E17: ICEN | F17: 2011 | G17: 201102682 | H17: 2011 | I17: 3 | J17: 4 | K17: 3 | L17: 3 | M17: 3 | N17: IMP.SERES | P17: CIÊNCIAS SOCIAIS - BACHARELADO | Q17: BACH | S17: BELÉM | T17: IFCH | U17: 201102336 | V17: 90053 | W17: 2011 | X17: 14 A 17/09/11 | Y17: 3 | Z17: 5 | AA17: 2 | AB17: 3 | AC17: 3
A18: 12022 | B18: FÍSICA | C18: LIC | D18: BELÉM | E18: ICEN | F18: 2011 | G18: 201101549 | H18: 2011 | I18: 3 | J18: 4 | K18: 3 | L18: 3 | M18: 3 | N18: IMP.SERES | P18: CIÊNCIAS SOCIAIS - LICENCIATURA | Q18: LIC | S18: BELÉM | T18: IFCH | U18: 201102881 | V18: 90059 | W18: 2011 | X18: 14 A 17/09/11 | Y18: 3 | Z18: 5 | AA18: 2 | AB18: 3 | AC18: 3
A19: 12024 | B19: ESTATÍSTICA | C19: BACH | D19: BELÉM | E19: ICEN | F19: 2011 | G19: 201101331 | H19: 2011 | I19: 2 | J19: 4 | K19: 2 | L19: 3 | M19: 2 | P19: ENGENHARIA NAVAL | Q19: BACH | S19: BELÉM | T19: ITEC | U19: 200902233 | V19: 84354 | W19: 2011 | X19: 18 A 21/09/11 | Y19: 5 | Z19: 5 | AA19: 5 | AB19: 5 | AC19: 4
A20: 311992 | B20: CIENCIAS SOCIAIS - BACH | C20: BACH | D20: BELÉM | E20: IFCH | F20: 2011 | G20: 201102336 | H20: 2011 | I20: 3 | J20: 5 | K20: 2 | L20: 3 | M20: 3 | P20: ESTATÍSTICA | Q20: BACH | S20: BELÉM | T20: ICEN | U20: 201101331 | V20: 89456 | W20: 2011 | X20: 26 A 29/10/11 | Y20: 2 | Z20: 4 | AA20: 2 | AB20: 3 | AC20: 2
A21: 11992 | B21: CIÊNCIAS SOCIAIS - LICENCIATURA | C21: LIC | D21: BELÉM | E21: IFCH | F21: 2011 | G21: 201102881 | H21: 2011 | I21: 3 | J21: 5 | K21: 2 | L21: 3 | M21: 3 | P21: MÚSICA | Q21: LIC | S21: BELÉM | T21: ICA | U21: 201007619 | V21: 85732 | W21: 2011 | X21: 16 A 19/11/11 | Y21: 4 | Z21: 4 | AA21: 2 | AB21: 4 | AC21: 3
A22: 25795 | B22: COMUNICAÇÃO SOCIAL - JORNALISMO | C22: BACH | D22: BELÉM | E22: ILC | F22: 2011 | G22: 201101868 | H22: 2011 | I22: 3 | J22: 4 | K22: 2 | L22: 3 | M22: 3 | P22: EDUCAÇÃO FÍSICA | Q22: LIC | S22: BELÉM | T22: ICED | U22: 200905989 | V22: 84356 | W22: 2010 | X22: 21 A 24/11/11 | Y22: 4 | Z22: 4 | AA22: 4 | AB22: 4 | AC22: 2
A23: 12006 | B23: ENG. QUÍMICA | C23: BACH | D23: BELÉM | E23: ITEC | F23: 2011 | G23: 201102682 | H23: 2011 | I23: 2 | J23: 4 | K23: 3 | L23: 3 | M23: 2 | P23: MATEMÁTICA | Q23: LIC | S23: ABAETETUBA | T23: ABT | U23: 201101188 | V23: 89275 | W23: 2011 | X23: 24 A 17/08/11 | Y23: 3 | Z23: 3 | AA23: 3 | AB23: 3 | AC23: 1
A24: 12003 | B24: ENG. MECÂNICA | C24: BACH | D24: BELÉM | E24: ITEC | F24: 2011 | G24: 201101816 | H24: 2011 | I24: 3 | J24: 3 | K24: 2 | L24: 3 | M24: 3 | P24: PEDAGOGIA | Q24: LIC | S24: BRAGANÇA | T24: BRG | U24: 201101182 | V24: 89582 | W24: 2011 | X24: 18 A 21/05/11 | Y24: 3 | Z24: 3 | AA24: 2 | AB24: 3 | AC24: 3
A25: 2011 | B25: ENG. ELÉTRICA | C25: BACH | D25: BELÉM | E25: ITEC | F25: 2011 | G25: 201101219 | H25: 2011 | I25: 2 | J25: 4 | K25: 3 | L25: 3 | M25: 2 | P25: PEDAGOGIA | Q25: LIC | S25: BREVES | T25: BRV | U25: 201101283 | V25: 89279 | W25: 2011 | X25: 27/09 A 01/10/11 | Y25: 3 | Z25: 3 | AA25: 2 | AB25: 3 | AC25: 3
A26: 87758 | B26: ENG. NAVAL | C26: BACH | D26: BELÉM | E26: ITEC | F26: 2009 | G26: 200902233 | H26: 2011 | I26: 5 | J26: 5 | K26: 5 | L26: 5 | M26: 4 | P26: LETRAS | Q26: LIC | S26: BREVES | T26: BRV | U26: 201101503 | V26: 89587 | W26: 2011 | X26: 29/11 A 03/12/11 | Y26: 3 | Z26: 3 | AA26: 2 | AB26: 3 | AC26: 3
B27: ENG.MATERIAIS | C27: BACH | D27: MARABÁ | E27: MRB | F27: 2011 | G27: 201102682 | H27: 2011 | I27: 4 | J27: 4 | K27: 4 | L27: 4 | M27: 4 | P27: ENGENHARIA DE MATERIAIS | Q27: BACH | S27: MARABÁ | T27: MRB | U27: 200812042 | V27: 82698 | W27: 2011 | X27: 23 A 26/03/11 | Y27: 4 | Z27: 4 | AA27: 4 | AB27: 4 | AC27: 4
B28: QUIMICA (BACH) | C28: BACH | D28: MARABÁ | E28: MRB | F28: 2011 | G28: 201101981 | H28: 2011 | I28: 3 | J28: 3 | K28: 3 | L28: 3 | M28: 2 | P28: ENGENHARIA DE MINAS | Q28: BACH | S28: MARABÁ | T28: MRB | U28: 200900270 | V28: 84741 | W28: 2011 | X28: 21 A 24/08/11 | Y28: 4 | Z28: 4 | AA28: 3 | AB28: 4 | AC28: 4
B29: ENG. DE MINAS | C29: BACH | D29: MARABÁ | E29: MRB | H29: 2011 | I29: 4 | J29: 4 | K29: 3 | L29: 4 | M29: 4 | P29: SISTEMA DE INFORMAÇÃO | Q29: BACH | S29: CASTANHAL | T29: CST | U29: 201203993 | V29: 96801 | W29: 2012 | X29: 24 A 27/02/2012 | Y29: 2.7 | Z29: 3.9 | AA29: 2.6 | AB29: 3 | AC29: 1
B30: LETRAS - PORTUGUÊS | C30: LIC | D30: ALTAMIRA | E30: ALT | H30: 2012 | I30: 3.2 | J30: 4.3 | K30: 2.1 | L30: 3 | M30: 3 | P30: MATEMATICA | Q30: LIC | S30: CAMETÁ | T30: CMT | U30: 201202145 | V30: 96718 | W30: 2012 | X30: 24 A 27/02/2012 | Y30: 2.9 | Z30: 4.1 | AA30: 1.6 | AB30: 3 | AC30: 3
B31: ENG. FLORESTAL | C31: BACH | D31: ALTAMIRA | E31: ALT | H31: 2012 | I31: 3.3 | J31: 3.5 | K31: 3.3 | L31: 3 | M31: 2 | P31: LETRAS PORTUGUÊS | Q31: LIC | S31: ALTAMIRA | T31: ALT | U31: 201201183 | V31: 96312 | W31: 2012 | X31: 12/12 A 15/12/2012 | Y31: 3.2 | Z31: 4.3 | AA31: 2.1 | AB31: 3 | AC31: 3
B32: CIENCIAS BIOLOGICAS | C32: LIC | D32: ALTAMIRA | E32: ALT | H32: 2012 | I32: 3.6 | J32: 4.4 | K32: 4.5 | L32: 4 | M32: 3 | P32: LETRAS ALEMÃO | Q32: LIC | S32: BELÉM | T32: ILC | U32: 201100607 | V32: 93434 | W32: 2012 | X32: 08/08 A 11/08/2012 | Y32: 3.5 | Z32: 3.4 | AA32: 3.6 | AB32: 4 | AC32: 3
B33: AGRONOMIA | D33: ALTAMIRA | E33: ALT | H33: 2012 | I33: 2.9 | J33: 3.5 | K33: 1.6 | L33: 3 | M33: 2 | P33: HISTÓRIA | Q33: LIC | S33: CAMETÁ | T33: IFCH | U33: 201201787 | V33: 96713 | W33: 2012 | X33: 04/11 A 07/11/2012 | Y33: 3 | Z33: 4.3 | AA33: 1.9 | AB33: 3 | AC33: 3
B34: MATEMÁTICA | D34: CAMETÁ | E34: CMT | H34: 2012 | I34: 2.9 | J34: 4.1 | K34: 1.6 | L34: 3 | M34: 3 | P34: GEOLOGIA | Q34: BACH | S34: BELÉM | T34: IG | U34: 201114820 | V34: 95661 | W34: 2012 | X34: 15 A 18/08/2012 | Y34: 4.4 | Z34: 4.3 | AA34: 4.3 | AB34: 4 | AC34: 4
B35: HISTÓRIA | D35: CAMETÁ | E35: CMT | H35: 2012 | I35: 3 | J35: 4.3 | K35: 1.9 | L35: 3 | M35: 3 | P35: GEOLOGIA | Q35: BACH | S35: MARABÁ | T35: MRB | U35: 201113411 | V35: 94201 | W35: 2012 | X35: 01/08 A 04/08/2012 | Y35: 3.1 | Z35: 4.1 | AA35: 3.3 | AB35: 3 | AC35: 1
B36: SISTEMA DE INFORMAÇÃO | D36: CASTANHAL | E36: CST | H36: 2012 | I36: 2.6 | J36: 3.9 | K36: 2.7 | L36: 3 | M36: 1 | P36: ENG. SANITARIA E AMBIENTAL | Q36: BACH | S36: BELÉM | T36: ITEC | U36: 201008291 | V36: 85797 | W36: 2012 | X36: 21 A 24/11/12 | Y36: 5 | Z36: 5 | AA36: 4 | AB36: 5 | AC36: 3
B37: CIENCIAS BIOLOGICAS | D37: BELÉM | E37: ICB | H37: 2012 | I37: 3.4 | J37: 4.1 | K37: 2.1 | L37: 3 | M37: 2 | P37: ENG. FLORESTAL | Q37: BACH | S37: ALTAMIRA | T37: ALT | U37: 201200645 | V37: 96306 | W37: 2012 | X37: 19 a 22/08/12 | Y37: 3.3 | Z37: 3.5 | AA37: 3.3 | AB37: 3 | AC37: 2
B38: EAD | D38: BELÉM | E38: ICEN | H38: 2012 | I38: 2.3 | J38: 3.2 | K38: 1.8 | L38: 2 | M38: 2 | P38: EAD QUIMICA | Q38: LIC | S38: BELÉM | T38: ICEN | U38: 201113636 | V38: 96694 | W38: 2012 | X38: 04/11 A 07/11/2012 | Y38: 2.3 | Z38: 3.2 | AA38: 1.8 | AB38: 2 | AC38: 2
B39: GEOLOGIA | D39: BELÉM | E39: IG | H39: 2012 | I39: 4.4 | J39: 4.3 | K39: 4.3 | L39: 4 | M39: 4 | P39: CIENCIAS BIOLOGICAS | Q39: LIC | S39: SOURE | T39: SOU | U39: 201113635 | V39: 94739 | W39: 2012 | X39: 30/11 A 03/12/2012 | Y39: 3 | Z39: 3.7 | AA39: 2.2 | AB39: 3 | AC39: 3
B40: LETRAS - ALEMÃO | D40: BELÉM | E40: ILC | H40: 2012 | I40: 3.5 | J40: 3.4 | K40: 3.6 | L40: 4 | M40: 3 | P40: CIENCIAS BIOLOGICAS | Q40: LIC | S40: ALTAMIRA | T40: ALT | U40: 201201654 | V40: 96705 | W40: 2012 | X40: 04/11 A 07/11/2012 | Y40: 3.6 | Z40: 4.4 | AA40: 4.3 | AB40: 4 | AC40: 3
B41: ENG. SANITARIA E AMBIENTAL | D41: BELÉM | E41: ITEC | H41: 2012 | I41: 5 | J41: 5 | K41: 4 | L41: 5 | M41: 3 | P41: CIENCIAS BIOLOGICAS - EAD | Q41: LIC | S41: BELÉM | T41: ICB | U41: 201200046 | V41: 96386 | W41: 2012 | X41: 04/11 A 07/11/12 | Y41: 3.4 | Z41: 4.1 | AA41: 2.1 | AB41: 3 | AC41: 2
B42: GEOLOGIA | D42: MARABÁ | E42: MRB | H42: 2012 | I42: 3.1 | J42: 4.1 | K42: 3.3 | L42: 3 | M42: 1 | P42: AGRONOMIA | Q42: BACH | S42: ALTAMIRA | T42: ALT | U42: 201201459 | V42: 96700 | W42: 2012 | X42: 07/11 A 10/11/12 | Y42: 2.9 | Z42: 3.5 | AA42: 1.6 | AB42: 3 | AC42: 3
B43: CIENCIAS BIOLOGICAS | D43: SOURE | E43: SOU | H43: 2012 | I43: 3 | J43: 3.7 | K43: 2.2 | L43: 3 | M43: 3 | P43: QUÍMICA-EAD | Q43: LIC | S43: POLO BUJARU | T43: ICEN | U43: 201113636 | V43: 96695 | W43: 2013 | X43: 24 A 270213 | Y43: 3 | Z43: 3.2 | AA43: 3.2 | AB43: 3 | AC43: 2
B44: LETRAS - PORTUGUÊS | D44: ABAETETUBA | E44: ABT | H44: 2013 | I44: 2.5 | J44: 3.7 | K44: 2.8 | L44: 3 | M44: 1 | P44: ENG. CIVIL | Q44: BACH | S44: TUCURUÍ | T44: TUC | U44: 201204945 | V44: 97689 | W44: 2013 | X44: 25 A 280213 | Y44: 3.2 | Z44: 3.6 | AA44: 3.1 | AB44: 3 | AC44: 3
... B61: ENG. MECÂNICA | D61: BELÉM | E61: ITEC | H61: 2013 | I61: 3.5 | J61: 4.3 | K61: 3.4 | L61: 4 | M61: 3 | P61: LETRAS | Q61: LIC | S61: BREVES | T61: BRV | U61: 201216487 | V61: 99223 | W61: 2013 | X61: 02 A 051013 | Y61: 3.1 | Z61: 3.6 | AA61: 2.4 | AB61: 3 | AC61: 2
B62: EDUCAÇÃO DO CAMPO | D62: MARABÁ | E62: MRB | H62: 2013 | I62: 4 | J62: 4 | K62: 3 | L62: 4 | M62: 2 | P62: CIÊNCIAS NATURAIS | Q62: LIC | S62: MARABÁ | T62: MRB | W62: 2013 | X62: 30 A 021113 | Y62: 2.6 | Z62: 4.1 | AA62: 2.1 | AB62: 3 | AC62: 3
B63: CIÊNCIAS NATURAIS | D63: MARABÁ | E63: MRB | H63: 2013 | I63: 2.6 | J63: 4.1 | K63: 2.1 | L63: 3 | M63: 3 | P63: SEDE-EAD | S63: BELÉM (SEDE) | T63: UFPA-EAD | U63: 201203603 | V63: 100904 | W63: 2013 | X63: 22 A 261013 | Y63: 5 | Z63: 2 | AA63: 4 | AB63: 3 | AC63: 5
B64: ENG. CIVIL | D64: TUCURUÍ | E64: TUC | H64: 2013 | I64: 3.2 | J64: 3.6 | K64: 3.1 | L64: 3 | M64: 3 | P64: ENG.MATERIAIS | Q64: BACH | S64: ANANINDEUA | T64: ANA | U64: 201302215 | V64: 104523 | W64: 2014 | X64: 05 A 08/02/14 | Y64: 3.4 | Z64: 4 | AA64: 2.9 | AB64: 3 | AC64: 3
B65: ENG. ELÉTRICA | D65: TUCURUÍ | E65: TUC | H65: 2013 | I65: 3.8 | J65: 3.4 | K65: 3.4 | L65: 4 | M65: 3 | P65: EAD | Q65: - | S65: CAPANEMA | T65: UFPA | U65: 201203603 | V65: 100906 | W65: 2014 | X65: 16 A 20/02/14 | Y65: 2 | Z65: 2 | AA65: 3 | AB65: 2 | AC65: 2
B66: EAD | D66: BELÉM (SEDE) | E66: UFPA | H66: 2013 | I66: 2 | J66: 5 | K66: 4 | L66: 3 | M66: 5 | P66: ENG. INDUSTRIAL | Q66: BACH | S66: ABAETETUBA | T66: ABT | U66: 201013883 | V66: 88057 | W66: 2014 | X66: 09 A 12/02/14 | Y66: 3 | Z66: 4 | AA66: 3 | AB66: 3 | AC66: 2
B67: ENG. INDUSTRIAL | D67: ABAETETUBA | E67: ABT | H67: 2014 | I67: 3 | J67: 4 | K67: 3 | L67: 3 | M67: 2 | P67: INTER-DISCIPLINAR INTEGRADA EM EDUCAÇÃO, CIÊNCIAS, MATEMÁTICA E LINGUAGEM | Q67: LIC | S67: IEMCI-BELÉM | T67: IEMCI | U67: 201203179 | V67: 98943 | W67: 2014 | X67: 09 A 12/02/14 | Y67: 4.1 | Z67: 4.8 | AA67: 3.4 | AB67: 4 | AC67: 2
B68: FÍSICA | D68: ABAETETUBA | E68: ABT | H68: 2014 | I68: 3.8 | J68: 3.7 | K68: 3.5 | L68: 4 | M68: 3 | P68: ADM.PÚBLICA - EAD | Q68: BACH | S68: BELÉM-EAD | T68: ICSA | U68: 201305868 | V68: 100591 | W68: 2014 | X68: 09 A 12/03/14 | Y68: 4.4 | Z68: 4.5 | AA68: 4.1 | AB68: 4 | AC68: 4
B69: ETNODESENVOLVIMENTO (BACH) | D69: ALTAMIRA | E69: ALT | H69: 2014 | I69: 3.4 | J69: 3.4 | K69: 2.8 | L69: 3 | M69: 1 | P69: AGRONOMIA | Q69: BACH | S69: CAMETÁ | T69: CMT | U69: 201413846 | V69: 116285 | W69: 2014 | X69: 14 A 17/12/2014 | Y69: 3.2 | Z69: 4.4 | AA69: 2.3 | AB69: 3 | AC69: 2
B70: ENG.MATERIAIS | D70: ANANINDEUA | E70: ANA | H70: 2014 | I70: 3.4 | J70: 4 | K70: 2.9 | L70: 3 | M70: 3 | P70: LETRAS-INGLÊS | Q70: LIC | S70: CAMETÁ | T70: CMT | U70: 201208072 | V70: 100926 | W70: 2014 | X70: 09 A 12/03/14 | Y70: 4 | Z70: 4.5 | AA70: 2.8 | AB70: 4 | AC70: 4
B71: AGRONOMIA | D71: CAMETÁ | E71: CMT | H71: 2014 | I71: 3.2 | J71: 4.4 | K71: 2.3 | L71: 3 | M71: 2 | P71: MUSEOLOGIA | Q71: BACH | S71: BELÉM | T71: ICA | U71: 201203361 | V71: 108398 | W71: 2014 | X71: 27 A 30/04/2014 | Y71: 3.8 | Z71: 4.2 | AA71: 2.6 | AB71: 4 | AC71: 4
B72: LETRAS - INGLÊS | D72: CAMETÁ | E72: CMT | H72: 2014 | I72: 4 | J72: 4.5 | K72: 2.8 | L72: 4 | M72: 4 | P72: FISIOTERAPIA | Q72: BACH | S72: BELÉM | T72: ICS | U72: 201300118 | V72: 108467 | W72: 2014 | X72: 27 A 30/04/2014 | Y72: 4.3 | Z72: 4.1 | AA72: 2.5 | AB72: 4 | AC72: 4
B73: LETRAS - PORTUGUÊS | D73: CASTANHAL | E73: CST | H73: 2014 | I73: 3.5 | J73: 4.9 | K73: 4 | L73: 4 | M73: 4 | P73: MEDICINA | Q73: BACH | S73: BELÉM | T73: ICS | U73: 201101339 | V73: 109100 | W73: 2014 | X73: 11 A 14/05/2014 | Y73: 3.3 | Z73: 4.1 | AA73: 3.3 | AB73: 4 | AC73: 3
B74: MUSEOLOGIA | D74: BELÉM | E74: ICA | H74: 2014 | I74: 3.8 | J74: 4.2 | K74: 2.6 | L74: 4 | M74: 4 | P74: ETNODESENVOLVIMENTO | Q74: BACH | S74: ALTAMIRA | T74: ALT | U74: 201200573 | V74: 101607 | W74: 2014 | X74: 21 A 24/05/2014 | Y74: 3.4 | Z74: 3.4 | AA74: 2.8 | AB74: 3 | AC74: 1
B75: DANÇA | D75: BELÉM | E75: ICA | H75: 2014 | I75: 5 | J75: 5 | K75: 4 | L75: 5 | M75: 4 | P75: DANÇA | Q75: LIC | S75: BELÉM | T75: ICA | U75: 201007991 | V75: 85886 | W75: 2014 | X75: 25 A 28/05/2014 | Y75: 5 | Z75: 5 | AA75: 4 | AB75: 5 | AC75: 4
... B79: TERAPIA OCUPACIONAL | D79: BELÉM | E79: ICS | H79: 2014 | I79: 3.3 | J79: 3.9 | K79: 2.7 | L79: 3 | M79: 3 | P79: GEOFÍSICA | Q79: BACH | S79: BELÉM | T79: IG | U79: 201350666 | V79: 104113 | W79: 2014 | X79: 21 a 24/09/2014 | Y79: 3.9 | Z79: 4.2 | AA79: 3.3 | AB79: 4 | AC79: 3
B80: ADM.PÚBLICA - EAD | D80: BELÉM | E80: ICSA | H80: 2014 | I80: 4.4 | J80: 4.5 | K80: 4.1 | L80: 4 | M80: 4 | P80: GEOGRAFIA | Q80: LIC | S80: BELÉM | T80: IFCH | X80: 30/11 A 03/12/2014 | Y80: 3.1 | Z80: 4 | AA80: 3.8 | AB80: 4 | AC80: 3
B81: INTER-DISCIPLINAR INTEGRADA EM EDUCAÇÃO, CIÊNCIAS, MATEMÁTICA E LINGUAGEM | D81: BELÉM | E81: IEMCI | H81: 2014 | I81: 4.1 | J81: 4.8 | K81: 3.4 | L81: 4 | M81: 2 | P81: LETRAS INGLES | Q81: LIC | S81: SOURE | T81: SOU | U81: 201357622 | V81: 107640 | W81: 2014 | X81: 24 a 27/09/2014 | Y81: 3 | Z81: 3 | AA81: 1.9 | AB81: 3 | AC81: 3
B82: GEOGRAFIA | D82: BELÉM | E82: IFCH | H82: 2014 | I82: 3.1 | J82: 4 | K82: 3.8 | L82: 4 | M82: 3 | P82: COM.SOC-JORNALISMO | Q82: BACH | S82: BELEM | T82: ILC | U82: 201360675 | V82: 115517 | W82: 2014 | X82: 14 A 17/12/2014 | Y82: 3.1 | Z82: 4.4 | AA82: 2.8 | AB82: 3 | AC82: 2
B83: GEOFÍSICA | D83: BELÉM | E83: IG | H83: 2014 | I83: 3.9 | J83: 4.2 | K83: 3.3 | L83: 4 | M83: 3 | P83: DIREITO | Q83: BACH | S83: BELÉM | T83: ICJ | U83: 201402776 | V83: 110014 | W83: 2014 | X83: 09 A 12/11/14 | Y83: 3.1 | Z83: 3.9 | AA83: 2.8 | AB83: 3 | AC83: 2
B84: LETRAS - PORT. & LIBRAS | D84: BELÉM | E84: ILC | H84: 2014 | I84: 3.3 | J84: 3.7 | K84: 2.8 | L84: 3 | M84: 3 | P84: TERAPIA OCUPACIONAL | Q84: BACH | S84: BELEM | T84: ICS | U84: 201357216 | V84: 107207 | W84: 2014 | X84: 23 A 26/11/2014 | Y84: 3.3 | Z84: 3.9 | AA84: 2.7 | AB84: 3 | AC84: 3
B85: COMUNICAÇÃO SOCIAL | D85: BELÉM | E85: ILC | H85: 2014 | I85: 3.1 | J85: 4.4 | K85: 2.8 | L85: 3 | M85: 2 | P85: EAD - MARABA | Q85: - | S85: MARABA | T85: MRB | U85: 201203603 | V85: 100907 | W85: 2014 | X85: 41737 | Y85: 3 | Z85: 3 | AA85: 3 | AB85: 3 | AC85: 3
B86: EAD | D86: MARABÁ | E86: MRB | H86: 2014 | I86: 3 | J86: 3 | K86: 3 | L86: 3 | M86: 3 | P86: EAD - Campus UFPA | Q86: - | S86: BELÉM | T86: UFPA | U86: 201203603 | V86: 100905 | W86: 2014 | X86: 03 A 06/08/2014 | Y86: 2 | Z86: 2 | AA86: 3 | AB86: 3 | AC86: 2
B87: LETRAS - INGLÊS | D87: SOURE | E87: SOU | H87: 2014 | I87: 2.8 | J87: 3 | K87: 1.9 | L87: 3 | M87: 3 | P87: SISTEMA DE INFORMAÇÃO | Q87: BACH | S87: CAMETÁ | T87: CMT | U87: 201356894 | V87: 107052 | W87: 2015 | X87: 08 A 11/02/2015 | Y87: 3.5 | Z87: 4 | AA87: 2.9 | AB87: 3 | AC87: 2
B88: EAD | D88: CAPANEMA | E88: UFPA | H88: 2014 | I88: 2 | J88: 2 | K88: 3 | L88: 2 | M88: 2 | P88: ARTES VISUAIS | Q88: BACH | S88: BELÉM | T88: ICA | U88: 201350143 | V88: 104053 | W88: 2015 | X88: 22 A 25/02/2015 | Y88: 4.1 | Z88: 4.5 | AA88: 3.8 | AB88: 4 | AC88: 3
B89: EAD | D89: BELÉM | E89: UFPA | H89: 2014 | I89: 2 | J89: 2 | K89: 3 | L89: 3 | M89: 2 | P89: PRODUÇÃO MULTIMÍDIA | Q89: TEC | S89: BELÉM | T89: ICA | U89: 201403408 | V89: 110470 | W89: 2015 | X89: 12 A 15/04/2015 | Y89: 3.8 | Z89: 4.4 | AA89: 3.2 | AB89: 4 | AC89: 3
B90: LETRAS - ESPANHOL | D90: ABAETETUBA | E90: ABT | H90: 2015 | I90: 3.5 | J90: 2.3 | K90: 3.1 | L90: 3 | M90: 4 | P90: COM.SOCIAL-PUB | Q90: BACH | S90: BELÉM | T90: ILC | U90: 201407696 | V90: 112181 | W90: 2015 | X90: 03 A 06/05/2015 | Y90: 3.4 | Z90: 4.6 | AA90: 2.8 | AB90: 4 | AC90: 3
B91: PEDAGOGIA | D91: BREVES | E91: BRV | H91: 2015 | I91: 4.1 | J91: 4.3 | K91: 3.5 | L91: 4 | M91: 3 | P91: PEDAGOGIA | Q91: LIC | S91: BREVES | T91: BRV | U91: 201216494 | V91: 99224 | W91: 2015 | X91: 21 a 24/06/2015 | Y91: 4.1 | Z91: 4.3 | AA91: 3.5 | AB91: 4 | AC91: 3
B92: SISTEMA DE INFORMAÇÃO | D92: CAMETÁ | E92: CMT | H92: 2015 | I92: 3.5 | J92: 4 | K92: 2.9 | L92: 3 | M92: 2 | P92: LETRAS - ESPANHOL | Q92: LIC | S92: ABAETETUBA | T92: ABT | U92: 201357263 | V92: 107071 | W92: 2015 | X92: 02 A 05/08/015 | Y92: 3.5 | Z92: 2.3 | AA92: 3.1 | AB92: 3 | AC92: 4
B93: LETRAS - ESPANHOL | D93: CASTANHAL | E93: CST | H93: 2015 | I93: 3.8 | J93: 4.6 | K93: 3.6 | L93: 4 | M93: 3 | P93: LETRAS - ESPANHOL | Q93: LIC | S93: CASTANHAL | T93: CST | U93: 201357270 | V93: 107115 | W93: 2015 | X93: 16 a 19/09/015 | Y93: 3.8 | Z93: 4.6 | AA93: 3.6 | AB93: 4 | AC93: 3
B94: ARTES VISUAIS-LIC | D94: BELÉM | E94: ICA | H94: 2015 | I94: 4.1 | J94: 4.5 | K94: 3.8 | L94: 4 | M94: 3 | P94: BIBLIOTECONOMIA | Q94: BACH | S94: BELÉM | T94: ICSA | U94: 201410728 | V94: 119796 | W94: 2015 | X94: 18 A 21/11/015 | Y94: 3.4 | Z94: 4.6 | AA94: 2.7 | AB94: 4 | AC94: 1
B95: PRODUÇÃO MULTIMÍDIA | D95: BELÉM | E95: ICA | H95: 2015 | I95: 3.8 | J95: 4.4 | K95: 3.2 | L95: 4 | M95: 3 | P95: ADMINISTRAÇÃO | Q95: BACH | R95: 11989 | S95: BELÉM | T95: ICSA | U95: 201410961 | V95: 120548 | W95: 2016 | X95: 21 A 24/02 | Y95: 3.2 | Z95: 4.3 | AA95: 3.1 | AB95: 4 | AC95: 3
B96: BIBLIOTECONOMIA | D96: BELÉM | E96: ICSA | H96: 2015 | I96: 3.4 | J96: 4.6 | K96: 2.7 | L96: 4 | M96: 1 | P96: EDUCAÇÃO DO CAMPO | Q96: LIC | R96: 1134445 | S96: ABAETETUBA | T96: ABT | U96: 201208909 | V96: 99807 | W96: 2016 | X96: 28/02 A 02/03 | Y96: 4.3 | Z96: 4.8 | AA96: 4 | AB96: 4 | AC96: 3
B97: COMUNICAÇÃO SOCIAL | D97: BELÉM | E97: ILC | H97: 2015 | I97: 3.4 | J97: 4.6 | K97: 2.8 | L97: 4 | M97: 4 | P97: GEOGRAFIA | Q97: LIC | R97: 1194057 | S97: CAMETÁ | T97: CMT | U97: 201501047 | V97: 123420 | W97: 2016 | X97: 09/03 A 12/03 | Y97: 3.1 | Z97: 4.1 | AA97: 1.7 | AB97: 3 | AC97: 2
B98: EDUCAÇÃO DO CAMPO | D98: ABAETETUBA | E98: ABT | H98: 2016 | I98: 4.3 | J98: 4.8 | K98: 4 | L98: 4 | M98: 3 | P98: CINEMA/AUDIOVISUAL | Q98: LIC | R98: 1148597 | S98: BELÉM | T98: ICA | U98: 201207562 | V98: 99568 | W98: 2016 | X98: 03 A 03/04 | Y98: 3.1 | Z98: 3.8 | AA98: 3.4 | AB98: 3 | AC98: 3
B99: AGRONOMIA | D99: ALTAMIRA | E99: ALT | H99: 2016 | I99: 3.1 | J99: 3.8 | K99: 2.3 | L99: 3 | M99: 3 | P99: GEOGRAFIA | Q99: BACH | R99: 311991 | S99: BELÉM | T99: IFCH | U99: 201217042 | V99: 125503 | W99: 2016 | X99: 03 A 06/08/16 | Y99: 3.4 | Z99: 4.2 | AA99: 2.5 | AB99: 3 | AC99: 3
B100: GEOPROCESSAMENTO | D100: ANANINDEUA | E100: ANA | H100: 2016 | I100: 3.8 | J100: 4.1 | K100: 3.2 | L100: 4 | M100: 3 | P100: AGRONOMIA | Q100: BACH | R100: 53101 | S100: ALTAMIRA | T100: ALT | U100: 201418317 | V100: 125528 | W100: 2016 | X100: 05 a 08/10/16 | Y100: 3.1 | Z100: 3.8 | AA100: 2.3 | AB100: 3 | AC100: 3
B101: CIÊNCIAS NATURAIS | D101: CAMETÁ | E101: CMT | H101: 2016 | I101: 2.8 | J101: 4.4 | K101: 2.6 | L101: 3 | M101: 2 | P101: ENG. TELECOMUNICAÇÕES | Q101: BACH | R101: 1179144 | S101: BELÉM | T101: ITEC | U101: 201413841 | V101: 117136 | W101: 2016 | X101: 30/11 A 03/12 | Y101: 2.9 | Z101: 4.4 | AA101: 2.5 | AB101: 3 | AC101: 2
B102: LETRAS - PORTUGUÊS | D102: CAMETÁ | E102: CMT | H102: 2016 | I102: 3.7 | J102: 4.4 | K102: 3.5 | L102: 4 | M102: 2 | P102: GEOPROCESSAMENTO | Q102: TEC | R102: 1299461 | S102: ANANINDEUA | T102: ANA | U102: 201602247 | V102: 127685 | W102: 2016 | X102: 11 A 14/12 | Y102: 3.8 | Z102: 4.1 | AA102: 3.2 | AB102: 4 | AC102: 3
B103: GEOGRAFIA | D103: CAMETÁ | E103: CMT | H103: 2016 | I103: 3.1 | J103: 4.1 | K103: 1.7 | L103: 3 | M103: 2 | P103: FÍSICA - EAD | Q103: LIC | R103: 1202639 | S103: Belém | T103: ICEN | U103: 201505783 | V103: 127391 | W103: 2017 | X103: 42830 | Y103: 3.2 | Z103: 3.8 | AA103: 3.5 | AB103: 3 | AC103: 4
B104: CINEMA E AUDIOVISUAL | D104: BELÉM | E104: ICA | H104: 2016 | I104: 3.1 | J104: 3.8 | K104: 3.4 | L104: 3 | M104: 3 | P104: ARQUIVOLOGIA | Q104: BACH | R104: 1179143 | S104: Belém | T104: ICSA | U104: 201413605 | V104: 116261 | W104: 2017 | X104: 42834 | Y104: 4 | Z104: 4.7 | AA104: 2.5 | AB104: 4 | AC104: 4
B105: ADMINISTRAÇÃO | D105: BELÉM | E105: ICSA | H105: 2016 | I105: 3.2 | J105: 4.3 | K105: 3.1 | L105: 4 | M105: 3 | P105: LETRAS INGLES | Q105: LIC | R105: 114877 | S105: Altamira | T105: ALT | U105: 201207537 | V105: 123732 | W105: 2017 | X105: 42858 | Y105: 3.9 | Z105: 4.6 | AA105: 3.4 | AB105: 4 | AC105: 4
B106: GEOGRAFIA | D106: BELÉM | E106: IFCH | H106: 2016 | I106: 3.4 | J106: 4.2 | K106: 2.5 | L106: 3 | M106: 3 | P106: LETRAS PORTUGUES | Q106: LIC | R106: 114876 | S106: Altamira | T106: ALT | U106: 201201183 | V106: 123509 | W106: 2017 | X106: 42865 | Y106: 3.8 | Z106: 4.4 | AA106: 3.8 | AB106: 4 | AC106: 3
B107: ENG. TELECOMUNICAÇÕES | D107: BELÉM | E107: ITEC | H107: 2016 | I107: 2.9 | J107: 4.4 | K107: 2.5 | L107: 3 | M107: 3 | P107: LETRAS INGLES | Q107: LIC | R107: 95652 | S107: Soure | T107: SOU | U107: 201357622 | V107: 125702 | W107: 2017 | X107: 42872 | Y107: 3.6 | Z107: 4.7 | AA107: 3.6 | AB107: 4 | AC107: 4
B108: FÍSICA | D108: ABAETETUBA | E108: ABT | H108: 2017 | I108: 4.1 | J108: 3.9 | K108: 3.8 | L108: 4 | M108: 3 | P108: AGRONOMIA | Q108: BACH | R108: 1179151 | S108: Cametá | T108: CMT | U108: 201413846 | V108: 130974 | W108: 2017 | X108: 42890 | Y108: 3.5 | Z108: 3.6 | AA108: 3.4 | AB108: 4 | AC108: 3
B109: LETRAS - ESPANHOL | D109: ABAETETUBA | E109: ABT | H109: 2017 | I109: 3.7 | J109: 4 | K109: 3.5 | L109: 4 | M109: 3 | P109: GEOLOGIA | Q109: BACH | R109: 12005 | S109: Belém | T109: IG | U109: 201617017 | V109: 135906 | W109: 2017 | X109: 42907 | Y109: 4.5 | Z109: 4.6 | AA109: 4.2 | AB109: 4 | AC109: 5
B110: LETRAS - INGLÊS | D110: ALTAMIRA | E110: ALT | H110: 2017 | I110: 3.9 | J110: 4.6 | K110: 3.4 | L110: 4 | M110: 4 | P110: CIENCIAS NATURAIS | Q110: LIC | S110: Bragança | T110: BRG | U110: 201616997 | V110: 135902 | W110: 2017 | X110: 42946 | Y110: 3.6 | Z110: 3.8 | AA110: 3.1 | AB110: 4 | AC110: 3
B111: LETRAS - PORTUGUÊS | D111: ALTAMIRA | E111: ALT | H111: 2017 | I111: 3.8 | J111: 4.4 | K111: 3.8 | L111: 4 | M111: 4 | P111: CIENCIAS NATURAIS | Q111: LIC | S111: Belém | T111: ICEN | U111: 201616942 | V111: 135897 | W111: 2017 | X111: 42949 | Y111: 3.3 | Z111: 3.9 | AA111: 3.3 | AB111: 3 | AC111: 3
B112: ETNODESENVOLVIMENTO (BACH) | D112: ALTAMIRA | E112: ALT | H112: 2017 | I112: 3.2 | J112: 4.8 | K112: 2.9 | L112: 4 | M112: 3 | P112: ETNODESENVOLVIMENTO | Q112: BACH | S112: Altamira | T112: ALT | U112: 201501042 | V112: 123734 | W112: 2017 | X112: 42949 | Y112: 3.2 | Z112: 4.8 | AA112: 2.9 | AB112: 4 | AC112: 3
B113: ETNODESENVOLVIMENTO (LIC) | D113: ALTAMIRA | E113: ALT | H113: 2017 | I113: 4.2 | J113: 4.4 | K113: 3.1 | L113: 4 | M113: 3 | P113: CIENCIA E TECNOLOGIA | Q113: BACH | S113: Ananindeua | T113: ANA | U113: 201506093 | V113: 124705 | W113: 2017 | X113: 42953 | Y113: 2.5 | Z113: 3.9 | AA113: 2.5 | AB113: 3 | AC113: 2
B114: CIÊNCIA E TECNOLOGIA | D114: ANANINDEUA | E114: ANA | H114: 2017 | I114: 2.5 | J114: 3.9 | K114: 2.5 | L114: 3 | M114: 2 | P114: EDUCAÇÃO DO CAMPO | Q114: LIC | S114: Cametá | T114: CMT | U114: 201607682 | V114: 130677 | W114: 2017 | X114: 42953 | Y114: 3.6 | Z114: 4.3 | AA114: 2.6 | AB114: 4 | AC114: 4
B115: LETRAS - INGLÊS | D115: BRAGANÇA | E115: BRG | H115: 2017 | I115: 4.4 | J115: 4.5 | K115: 3.8 | L115: 4 | M115: 5 | P115: QUIMICA INDUSTRIAL | Q115: BACH | S115: Belém | T115: ICEN | U115: 201616945 | V115: 135898 | W115: 2017 | X115: 42963 | Y115: 2.4 | Z115: 3.5 | AA115: 2.3 | AB115: 3 | AC115: 2
B116: AGRONOMIA | D116: CAMETÁ | E116: CMT | H116: 2017 | I116: 3.5 | J116: 3.6 | K116: 3.4 | L116: 4 | M116: 3 | P116: MEDICINA VETERINARIA | Q116: BACH | S116: Castanhal | T116: IMV | U116: 201503693 | V116: 132597 | W116: 2017 | X116: 42963 | Y116: 3 | Z116: 4.1 | AA116: 3.3 | AB116: 3 | AC116: 2
B117: EDUCAÇÃO DO CAMPO | D117: CAMETÁ | E117: CMT | H117: 2017 | I117: 3.6 | J117: 4.3 | K117: 2.6 | L117: 4 | M117: 4 | P117: FISICA | Q117: LIC | S117: Abaetetuba | T117: ABT | U117: 201617002 | V117: 136961 | W117: 2017 | X117: 42995 | Y117: 4.1 | Z117: 3.9 | AA117: 3.8 | AB117: 4 | AC117: 3
B118: MATEMÁTICA | D118: CAMETÁ | E118: CMT | H118: 2017 | I118: 2.9 | J118: 3.8 | K118: 3 | L118: 3 | M118: 3 | P118: ENG. SANITARIA | Q118: BACH | S118: Tucuruí | T118: TUC | U118: 201602245 | V118: 127683 | W118: 2017 | X118: 42995 | Y118: 3.7 | Z118: 4 | AA118: 3.1 | AB118: 4 | AC118: 3
B119: MEDICINA VETERINÁRIA | D119: CASTANHAL | E119: CST | H119: 2017 | I119: 3 | J119: 4.1 | K119: 3.3 | L119: 3 | M119: 2 | P119: MATEMATICA | Q119: LIC | S119: Cameta | T119: CMT | U119: 201616763 | V119: 137891 | W119: 2017 | X119: 42998 | Y119: 2.9 | Z119: 3.8 | AA119: 3 | AB119: 3 | AC119: 3
B120: FÍSICA | D120: BELÉM | E120: ICEN | H120: 2017 | I120: 3.2 | J120: 3.8 | K120: 3.5 | L120: 3 | M120: 4 | P120: ETNODESENVOLVIMENTO | Q120: LIC | S120: Altamira | T120: ALT | U120: 201501043 | V120: 123735 | W120: 2017 | X120: 43005 | Y120: 4.2 | Z120: 4.4 | AA120: 3.1 | AB120: 4 | AC120: 3
B121: CIÊNCIAS NATURAIS | D121: BELÉM | E121: ICEN | H121: 2017 | I121: 3.3 | J121: 3.9 | K121: 3.3 | L121: 3 | M121: 3 | P121: Eng. Biomédica | Q121: BACH | S121: Belém | T121: ITEC | U121: 201505762 | V121: 124704 | W121: 2017 | X121: 43023 | Y121: 4.1 | Z121: 3.8 | AA121: 4.2 | AB121: 4 | AC121: 2
... B125: Geologia | D125: BELÉM | E125: IG | H125: 2017 | I125: 4.5 | J125: 4.6 | K125: 4.2 | L125: 4 | M125: 5 | P125: Eng. Ferroviária | Q125: BACH | S125: Belém | T125: ITEC | U125: 201607684 | V125: 130689 | W125: 2017 | X125: 43068 | Y125: 3.3 | Z125: 4.3 | AA125: 2.6 | AB125: 3 | AC125: 3
B126: METEOROLOGIA | D126: BELÉM | E126: IG | H126: 2017 | I126: 3.8 | J126: 4.5 | K126: 4 | L126: 4 | M126: 2 | P126: Ciências Naturais | Q126: LIC | S126: Breves | T126: BRV | U126: 201505783 | V126: 127391 | W126: 2018 | X126: 18/02 | Y126: 4.19 | Z126: 4.42 | AA126: 3.88 | AB126: 4 | AC126: 3
B127: ENG. BIOMEDICA | D127: BELÉM | E127: ITEC | H127: 2017 | I127: 4.1 | J127: 3.8 | K127: 4.2 | L127: 4 | M127: 2 | P127: Eng. da Computação | Q127: BACH | S127: Tucuruí | T127: TUC | U127: 201413605 | V127: 116261 | W127: 2018 | X127: 28/02 | Y127: 3.6 | Z127: 4.46 | AA127: 2.9 | AB127: 4 | AC127: 3
...

Sheet GRAFICO-EVOLUÇÃO
A1: UNIVERSIDADE FEDERAL DO PARA
A2: PRÓ-REITORIA DE PLANEJAMENTO E DESENVOLVIMENTO INSTITUCIONAL
A3: DIRETORIA DE AVALIAÇÃO INSTITUCIONAL
A4: COORDENADORIA DE AUTOAVALIAÇÃO
E6: ANO / MÉDIAS | F6: D1 | G6: D2 | H6: D3 | I6: CC | J6: AVAL | K6: Quant.
E7: 2011 | F7: ='2011'!J31 -> 3.1875 | G7: ='2011'!K31 -> 3.75 | H7: ='2011'!L31 -> 2.8125 | I7: ='2011'!M31 -> 3.375 | J7: ='2011'!N31 -> 2.8125 | K7: =COUNT('2011'!N13:N18,'2011'!N21:N30) -> 16
E8: 2012 | F8: ='2012'!J27 -> 3.3071429 | G8: ='2012'!K27 -> 3.9857143 | H8: ='2012'!L27 -> 2.7642857 | I8: ='2012'!M27 -> 3.2857143 | J8: ='2012'!N27 -> 2.5714286 | K8: =COUNT('2012'!N13:N26) -> 14
E9: 2013 | F9: ='2013'!J35 -> 3.5142857 | G9: ='2013'!K35 -> 3.9095238 | H9: ='2013'!L35 -> 2.8619048 | I9: ='2013'!M35 -> 3.4285714 | J9: ='2013'!N35 -> 2.6666667 | K9: =COUNT('2013'!N14:N34) -> 21
E10: 2014 | F10: ='2014'!J37 -> 3.4347826 | G10: ='2014'!K37 -> 3.9 | H10: ='2014'!L37 -> 3.0565217 | I10: ='2014'!M37 -> 3.4782609 | J10: ='2014'!N37 -> 2.8695652 | K10: =COUNT('2014'!N14:N36) -> 23
E11: 2015 | F11: ='2015'!J23 -> 3.7 | G11: ='2015'!K23 -> 4.1625 | H11: ='2015'!L23 -> 3.2 | I11: ='2015'!M23 -> 3.75 | J11: ='2015'!N23 -> 2.75 | K11: =COUNT('2015'!N15:N22) -> 8
E12: 2016 | F12: ='2016'!J22 -> 3.3625 | G12: ='2016'!K22 -> 4.1875 | H12: ='2016'!L22 -> 2.8375 | I12: ='2016'!M22 -> 3.375 | J12: ='2016'!N22 -> 2.75 | K12: =COUNT('2016'!N14:N21) -> 8
E13: 2017 | F13: ='2017'!K37 -> 3.5782609 | G13: ='2017'!L37 -> 4.1695652 | H13: ='2017'!M37 -> 3.2826087 | I13: ='2017'!N37 -> 3.6956522 | J13: ='2017'!O37 -> 3.173913 | K13: =COUNT('2017'!O14:O36) -> 23
E14: 2018 | F14: ='2018'!J39 -> 3.896 | G14: ='2018'!K39 -> 4.3504 | H14: ='2018'!L39 -> 3.7476 | I14: ='2018'!M39 -> 4 | J14: ='2018'!N39 -> 3.32 | K14: =COUNT('2018'!N14:N38) -> 25
E15: 2019 | F15: ='2019'!J25 -> 4.0107692 | G15: ='2019'!K25 -> 4.0392308 | H15: ='2019'!L25 -> 3.5769231 | I15: ='2019'!M25 -> 4.0769231 | J15: ='2019'!N25 -> 3.3846154 | K15: =COUNT('2019'!N12:N24) -> 13
E16: 2020 | F16: ='2020'!J13 -> 3.13 | G16: ='2020'!K13 -> 3 | H16: ='2020'!L13 -> 3.25 | I16: ='2020'!M13 -> 3 | J16: ='2020'!N13 -> 3 | K16: =COUNT('2020'!N12) -> 1
E17: 2021 | F17: ='2021'!J13 -> 4.56 | G17: ='2021'!K13 -> 4.67 | H17: ='2021'!L13 -> 3.67 | I17: ='2021'!M13 -> 4 | J17: ='2021'!N13 -> 5 | K17: =COUNT('2021'!N12) -> 1
E18: 2022 | F18: ='2022'!J18 -> 4.225 | G18: ='2022'!K18 -> 4.3533333 | H18: ='2022'!L18 -> 3.9666667 | I18: ='2022'!M18 -> 4.5 | J18: ='2022'!N18 -> 4.3333333 | K18: =COUNT('2022'!N12:N17) -> 6
E19: 2023 | F19: ='2023'!J23 -> 4.3554545 | G19: ='2023'!K23 -> 4.25 | H19: ='2023'!L23 -> 3.9672727 | I19: ='2023'!M23 -> 4.1972727 | J19: ='2023'!O23 -> 4.5454545 | K19: =COUNT('2023'!O12:O22) -> 11
E20: 2024 | F20: ='2024'!J30 -> 4.2527778 | G20: ='2024'!$K$30 -> 4.4444444 | H20: ='2024'!$L$30 -> 4.1127778 | I20: ='2024'!$M$30 -> 4.2872222 | J20: ='2024'!$O$30 -> 4.2777778 | K20: =COUNT('2024'!O12:O29) -> 18
E21: 2025 | F21: ='2025'!J51 -> 4.4053846 | G21: ='2025'!K51 -> 4.5694872 | H21: ='2025'!L51 -> 4.3015789 | I21: ='2025'!M51 -> 4.4417949 | J21: ='2025'!O51 -> 4.6666667 | K21: =COUNT('2025'!O12:O50) -> 39
E22: 2026
B44: D1 - ORGANIZAÇÃO DIDÁTICO-PEDAGÓGICA - Fontes de Consulta: Plano de Desenvolvimento Institucional, Projeto Pedagógico do Curso, Relatório de Autoavaliação Institucional, Políticas Institucionais, Diretrizes Curriculares Nacionais, quando houver, Catálogo Nacional dos Cursos Superiores de Tecnologia, quando couber, Formulário Eletrônico preenchido pela IES no e-MEC.
B46: D2 - CORPO DOCENTE E TUTORIAL - Fontes de consulta: Projeto Pedagógico do Curso, Plano de Desenvolvimento Institucional, Políticas de Formação Docente, Formulário Eletrônico preenchido pela IES no e-MEC, Documentação Comprobatória e Catálogo Nacional dos Cursos Superiores de Tecnologia, quando couber.
B48: D3 - INFRAESTRUTURA - Fontes de Consulta: Projeto Pedagógico do Curso, Diretrizes Curriculares Nacionais, quando houver, Catálogo Nacional dos Cursos Superiores de Tecnologia, quando couber. Formulário Eletrônico preenchido pela IES no e-MEC e Documentação Comprobatória.

Sheet BUSCA
A1: UNIVERSIDADE FEDERAL DO PARA
A2: PRÓ-REITORIA DE PLANEJAMENTO E DESENVOLVIMENTO INSTITUCIONAL | P2: Gráfico com D1; D2; D3 e CC - Conforme seleção e Tabela
A3: DIRETORIA DE AVALIAÇÃO INSTITUCIONAL
A4: COORDENADORIA DE AUTOAVALIAÇÃO
A6: TABELA COM AS AVALIAÇÕES POR CURSO E UND-ACAD POR ANO DE REALIZAÇÃO
A7: CURSO | B7: D1. | C7: D2. | D7: D3. | E7: CC.
A8: ALT
A9: 2022
A10: MEDICINA | B10: 4.44 | C10: 4.67 | D10: 4.36 | E10: 5

Sheet BUSCA (CAP-INT)
A1: UNIVERSIDADE FEDERAL DO PARA
A2: PRÓ-REITORIA DE PLANEJAMENTO E DESENVOLVIMENTO INSTITUCIONAL | O2: Gráfico com D1; D2; D3 e CC - Conforme seleção e Tabela
A3: DIRETORIA DE AVALIAÇÃO INSTITUCIONAL
A4: COORDENADORIA DE AUTOAVALIAÇÃO
A6: TABELA COM AS AVALIAÇÕES POR CURSO E UND-ACAD POR ANO DE REALIZAÇÃO
A7: CURSO | B7: M-D1 | C7: M-D2 | D7: M-D3 | E7: M-CC | F7: M-AVAL
A8: 2025 | B8: 4.3833333 | C8: 4.5382051 | D8: 4.27 | E8: 4.5315385 | F8: 4.6410256
A9: CAP | B9: 4.3585714 | C9: 4.5066667 | D9: 4.4042857 | E9: 4.5466667 | F9: 4.7619048
A10: BACH | B10: 4.6114286 | C10: 4.4385714 | D10: 4.5257143 | E10: 4.7142857 | F10: 5
A11: LIC | B11: 4.34 | C11: 4.5658333 | D11: 4.3775 | E11: 4.54 | F11: 4.6666667
A12: TEC | B12: 3.585 | C12: 4.39 | D12: 4.14 | E12: 4 | F12: 4.5
A13: INT | B13: 4.4122222 | C13: 4.575 | D13: 4.1041176 | E13: 4.5138889 | F13: 4.5
A14: LIC | B14: 4.3947059 | C14: 4.55 | D14: 4.166875 | E14: 4.5441176 | F14: 4.4705882
A15: TEC | B15: 4.71 | C15: 5 | D15: 3.1 | E15: 4 | F15: 5

Sheet CURSOS-INEP-EMEC(422025)
A1: CÓDIGO DO CURSO | B1: NOME DO CURSO | C1: SIG_UND-ACAD | D1: DATA DE CADASTRO DO CURSO | E1: SIG-MOD | F1: GRAU | G1: COD-Curso_completo-emec | H1: MODALIDADE | I1: SITUACAO DO CURSO | J1: QT VAGAS AUTORIZADAS | K1: CARGA HORÁRIA | L1: CARGA HORÁRIA DISTÂNCIA | M1: CARGA HORÁRIA ESTÁGIO | N1: CARGA HORÁRIA ATIV. COMPLEMENTARES | O1: CARGA HORÁRIA TCC | P1: CARGA HORÁRIA LIBRAS | Q1: TIPO DE PERIODICIDADE | R1: QUANTITATIVO PERIODICIDADE - INTEGRAL | S1: QUANTIDADE DE VAGAS - INTEGRAL | T1: QUANTITATIVO PERIODICIDADE - MATUTINO | U1: QUANTIDADE DE VAGAS - MATUTINO | V1: QUANTITATIVO PERIODICIDADE - VESPERTINO | W1: QUANTIDADE DE VAGAS - VESPERTINO | X1: QUANTITATIVO PERIODICIDADE - NOTURNO | Y1: QUANTIDADE DE VAGAS - NOTURNO | Z1: QUANTITATIVO PERIODICIDADE - NÃO SE APLICA | AA1: QUANTIDADE DE VAGAS - NÃO SE APLICA | AB1: CÓDIGO DO ENDEREÇO | AC1: ENDERECO | AD1: NUMERO ENDERECO | AE1: COMPLEMENTO | AF1: BAIRRO | AG1: MUNICIPIO | AH1: UF | AI1: TIPO DOC. AUTORIZACAO | AJ1: DOCUMENTO DE AUTORIZACAO | AK1: DT CONSIDERADA AUTORIZACAO | AL1: DT. PUBLICACAO AUTORIZACAO | AM1: DT. CADASTRO AUTORIZACAO | AN1: TIPO DOC. RECONHECIMENTO | AO1: DOCUMENTO DE RECONHECIMENTO | AP1: DT CONSIDERADA RECONHECIMENTO | AQ1: DT. PUBLICACAO RECONHECIMENTO | AR1: DT. CADASTRO RECONHECIMENTO | AS1: TIPO DOC. RENOVACAO | AT1: DOC. ULTIMA RENOVACAO | AU1: DT CONSIDERADA RENOVACAO | AV1: DT. PUBLICACAO RENOVACAO | AW1: DT. CADASTRO RENOVACAO | AX1: INICIO FUNCIONAMENTO | AY1: PROCESSOS EM TRAMITACAO | AZ1: VALOR CC | BA1: ANO CC | BB1: CPC FAIXA | BC1: CPC CONTINUO | BD1: CPC ANO | BE1: VALOR ENADE | BF1: ENADE ANO | BG1: CPF COORDENADOR CURSO | BH1: NOME COORDENADOR CURSO | BI1: EMAIL COORDENADOR CURSO | BJ1: TELEFONE COORDENADOR CURSO | BK1: SINALIZAÇÕES DE CURSO | BL1: Grande Area
A2: 5001116 | B2: ABI - CIÊNCIAS SOCIAIS | C2: IFCH | D2: 41579 | E2: ABI | F2: Área Básica de Ingresso (ABI) | G2: 5001116 - ABI - CIÊNCIAS SOCIAIS - ABI - IFCH | H2: Educação Presencial | I2: Em atividade | J2: 0 | K2: 2800 | L2: 0 | M2: 0 | N2: 0 | O2: 0 | P2: 0 | Q2: Integral | R2: 800 | S2: 0 | AB2: 1005925 | AC2: RUA AUGUSTO CORREA | AD2: 01 | AE2: CIDADE UNIVERSITARIA JOSÉ DA SILVEIRA NETTO | AF2: GUAMÁ | AG2: Belém | AH2: PA | BG2: 31857717880 | BH2: Lucas Toshiaki Archangelo Okado | BI2: lucasokado@gmail.com | BJ2: 919903048644
A3: 5001115 | B3: ABI - FILOSOFIA | C3: IFCH | D3: 41579 | E3: ABI | F3: Área Básica de Ingresso (ABI) | G3: 5001115 - ABI - FILOSOFIA - ABI - IFCH | H3: Educação Presencial | I3: Em atividade | J3: 0 | K3: 2800 | L3: 0 | M3: 0 | N3: 0 | O3: 0 | P3: 0 | Q3: Integral | R3: 800 | S3: 0 | AB3: 1005925 | AC3: RUA AUGUSTO CORREA | AD3: 01 | AE3: CIDADE UNIVERSITARIA JOSÉ DA SILVEIRA NETTO | AF3: GUAMÁ | AG3: Belém | AH3: PA | BG3: 23605073204 | BH3: Roberto De Almeida Pereira Barros | BI3: robertobarr@ufpa.br;fafil@ufpa.br;cpa.ufpa@gmail.com | BJ3: 91999084078
A4: 5001114 | B4: ABI - FÍSICA | C4: ICEN | D4: 41579 | E4: ABI | F4: Área Básica de Ingresso (ABI) | G4: 5001114 - ABI - FÍSICA - ABI - ICEN | H4: Educação Presencial | I4: Em atividade | J4: 0 | K4: 3124 | L4: 0 | M4: 0 | N4: 0 | O4: 0 | P4: 0 | Q4: Integral | R4: 800 | S4: 0 | AB4: 1005925 | AC4: RUA AUGUSTO CORREA | AD4: 01 | AE4: CIDADE UNIVERSITARIA JOSÉ DA SILVEIRA NETTO | AF4: GUAMÁ | AG4: Belém | AH4: PA | BG4: 3305562234 | BH4: Jose Luiz Magalhaes Lopes | BI4: jllopes.jll@gmail.com;facfis@ufpa.br | BJ4: 91984135198
A5: 11989 | B5: ADMINISTRAÇÃO | C5: ICSA | D5: 40058 | E5: BACH | F5: Bacharelado | G5: 11989 - ADMINISTRAÇÃO - BACH - ICSA | H5: Educação Presencial | I5: Em atividade | J5: 160 | K5: 3720 | L5: 0 | M5: 300 | N5: 200 | O5: 270 | P5: 30 | Q5: Semestral | T5: 1000 | U5: 36 | V5: 1000 | W5: 36 | X5: 1000 | Y5: 36 | AB5: 1005925 | AC5: RUA AUGUSTO CORREA | AD5: 01 | AE5: CIDADE UNIVERSITARIA JOSÉ DA SILVEIRA NETTO | AF5: GUAMÁ | AG5: Belém | AH5: PA | AI5: Resolução | AJ5: 11 de 23/02/1962 | AK5: 22700 | AL5: 22700 | AM5: 40058 | AN5: Decreto | AO5: 70997 de 17/08/1972 | AP5: 26529 | AQ5: 26529 | AR5: 40058 | AS5: Portaria | AT5: 388 | AU5: 45518 | AV5: 45518 | AW5: 45520 | AX5: 26528 | AZ5: 4 | BA5: 2016 | BB5: 3 | BC5: 265 | BD5: 2022 | BE5: 4 | BF5: 2022 | BG5: 21000093204 | BH5: Isaac Matias | BI5: isaac@ufpa.br;faad@ufpa.br;cpa.ufpa@gmail.com | BJ5: 9132018257
A6: 12112 | B6: ADMINISTRAÇÃO | C6: CST | D6: 40058 | E6: BACH | F6: Bacharelado | G6: 12112 - ADMINISTRAÇÃO - BACH - CST | H6: Educação Presencial | I6: Em extinção | J6: 40 | K6: 3510 | Q6: Semestral | T6: 160 | U6: 40 | AB6: 1005930 | AC6: AVENIDA UNIVERSITARIA, S/N | AD6: 00 | AE6: CAMPUS UNIVERSITÁRIO DE CASTANHAL | AF6: JADERLANDIA | AG6: Castanhal | AH6: PA | AI6: Resolução | AJ6: 11 de 23/02/1962 | AK6: 22700 | AL6: 22700 | AM6: 40058 | AN6: Decreto | AO6: 70997 de 17/08/1972 | AP6: 26529 | AQ6: 26529 | AR6: 40058 | AX6: 34820 | BB6: 0 | BD6: 2012 | BE6: 0 | BF6: 2006 | BG6: 2358883204 | BH6: ANTONIO ERASMO FEITOSA MAIA | BI6: erasmomaia@ufpa.br;dinfi@ufpa.br | BJ6: 9132018260 | BK6: Em Desativação/Extinção voluntária
A7: 18907 | B7: ADMINISTRAÇÃO | C7: CPN | D7: 40058 | E7: BACH | F7: Bacharelado | G7: 18907 - ADMINISTRAÇÃO - BACH - CPN | H7: Educação Presencial | I7: Extinto | J7: 40 | K7: 3510 | Q7: Semestral | T7: 160 | U7: 40 | V7: 160 | W7: 0 | AB7: 266 | AC7: Rua Augusto Corrêa | AD7: S/Nº | AE7: Campus do Guamá | AF7: Guamá | AG7: Capanema | AH7: PA | AI7: Resolução | AJ7: 1355 de 003/02/1986 | AK7: 31446 | AL7: 31446 | AM7: 40058 | AN7: Decreto | AO7: 70997 de 17/08/1986 | AP7: 26529 | AQ7: 26529 | AR7: 40058 | AX7: 35886 | BG7: 2358883204 | BH7: ANTONIO ERASMO FEITOSA MAIA | BI7: erasmomaia@ufpa.br;dinfi@ufpa.br | BJ7: 9132018260
A8: 63296 | B8: ADMINISTRAÇÃO | C8: PRB | D8: 40058 | E8: BACH | F8: Bacharelado | G8: 63296 - ADMINISTRAÇÃO - BACH - PRB | H8: Educação Presencial | I8: Em extinção | J8: 50 | K8: 2500 | Q8: Semestral | T8: 80 | U8: 50 | AB8: 26622 | AC8: RUA A, QUADRA ESPECIAL | AD8: S/N | AF8: CIDADE NOVA | AG8: Parauapebas | AH8: PA | AI8: Resolução | AJ8: 11 | AK8: 22700 | AL8: 22700 | AM8: 40058 | AN8: Decreto | AO8: 70997 | AP8: 26528 | AQ8: 26528 | AR8: 40058 | AX8: 37257 | BB8: 0 | BD8: 2012 | BE8: 0 | BF8: 2012 | BG8: 2358883204 | BH8: ANTONIO ERASMO FEITOSA MAIA | BI8: erasmomaia@ufpa.br;dinfi@ufpa.br | BJ8: 9132018260 | BK8: Em Desativação/Extinção voluntária
A9: 115174 | B9: ADMINISTRAÇÃO - EAD | C9: PRB | D9: 40058 | E9: BACH | F9: Bacharelado | G9: 115174 - ADMINISTRAÇÃO - EAD - BACH - PRB | H9: Educação a Distância | I9: Extinto | J9: 50 | K9: 3200 | Q9: Semestral | Z9: 60 | AA9: 50 | AB9: 26622 | AC9: RUA A, QUADRA ESPECIAL | AD9: S/N | AF9: CIDADE NOVA | AG9: Parauapebas | AH9: PA | AJ9: 3361 | AK9: 38416 | AL9: 38416 | AM9: 40058 | AX9: 38749 | BG9: 9257675220 | BH9: ANGELA MARIA DA SILVA KOBAYASH | BI9: angel.kob@hotmail.com;ange@ufpa.br | BJ9: 91983896870 | BK9: Em Desativação/Extinção voluntária
A10: 115174 | B10: ADMINISTRAÇÃO - EAD | C10: ICSA | D10: 40058 | E10: BACH | F10: Bacharelado | G10: 115174 - ADMINISTRAÇÃO - EAD - BACH - ICSA | H10: Educação a Distância | I10: Extinto | J10: 50 | K10: 3200 | Q10: Semestral | Z10: 60 | AA10: 50 | AB10: 1005925 | AC10: RUA AUGUSTO CORREA | AD10: 01 | AE10: CIDADE UNIVERSITARIA JOSÉ DA SILVEIRA NETTO | AF10: GUAMÁ | AG10: Belém | AH10: PA | AJ10: 3361 | AK10: 38416 | AL10: 38416 | AM10: 40058 | AX10: 38749 | BG10: 9257675220 | BH10: ANGELA MARIA DA SILVA KOBAYASH | BI10: angel.kob@hotmail.com;ange@ufpa.br | BJ10: 91983896870 | BK10: Em Desativação/Extinção voluntária
A11: 115174 | B11: ADMINISTRAÇÃO - EAD | C11: ICSA | D11: 40058 | E11: BACH | F11: Bacharelado | G11: 115174 - ADMINISTRAÇÃO - EAD - BACH - ICSA | H11: Educação a Distância | I11: Extinto | J11: 50 | K11: 3200 | Q11: Semestral | Z11: 60 | AA11: 50 | AB11: 2006683 | AC11: Rua Barão do Rio Branco | AD11: 1830 | AF11: Centro | AG11: Oriximiná | AH11: PA | AJ11: 3361 | AK11: 38416 | AL11: 38416 | AM11: 40058 | AX11: 38749 | BG11: 9257675220 | BH11: ANGELA MARIA DA SILVA KOBAYASH | BI11: angel.kob@hotmail.com;ange@ufpa.br | BJ11: 91983896870 | BK11: Em Desativação/Extinção voluntária
A12: 115174 | B12: ADMINISTRAÇÃO - EAD | C12: ICSA | D12: 40058 | E12: BACH | F12: Bacharelado | G12: 115174 - ADMINISTRAÇÃO - EAD - BACH - ICSA | H12: Educação a Distância | I12: Extinto | J12: 50 | K12: 3200 | Q12: Semestral | Z12: 60 | AA12: 50 | AB12: 2006684 | AC12: Av. Hiléia | AD12: S/N | AE12: Agrópolis do INCRA | AF12: Amapá | AG12: Marabá | AH12: PA | AJ12: 3361 | AK12: 38416 | AL12: 38416 | AM12: 40058 | AX12: 38749 | BG12: 9257675220 | BH12: ANGELA MARIA DA SILVA KOBAYASH | BI12: angel.kob@hotmail.com;ange@ufpa.br | BJ12: 91983896870 | BK12: Em Desativação/Extinção voluntária
A13: 115174 | B13: ADMINISTRAÇÃO - EAD | C13: ICSA | D13: 40058 | E13: BACH | F13: Bacharelado | G13: 115174 - ADMINISTRAÇÃO - EAD - BACH - ICSA | H13: Educação a Distância | I13: Extinto | J13: 50 | K13: 3200 | Q13: Semestral | Z13: 60 | AA13: 50 | AB13: 2006686 | AC13: RUA CASTRO ALVES,PDS | AD13: S/N | AE13: emef manoelito sande de andrade | AF13: PDS | AG13: Dom Eliseu | AH13: PA | AJ13: 3361 | AK13: 38416 | AL13: 38416 | AM13: 40058 | AX13: 38749 | BG13: 9257675220 | BH13: ANGELA MARIA DA SILVA KOBAYASH | BI13: angel.kob@hotmail.com;ange@ufpa.br | BJ13: 91983896870 | BK13: Em Desativação/Extinção voluntária
A14: 115174 | B14: ADMINISTRAÇÃO - EAD | C14: ICSA | D14: 40058 | E14: BACH | F14: Bacharelado | G14: 115174 - ADMINISTRAÇÃO - EAD - BACH - ICSA | H14: Educação a Distância | I14: Extinto | J14: 50 | K14: 3200 | Q14: Semestral | Z14: 60 | AA14: 50 | AB14: 2006687 | AC14: RODOVIA CAPANEMA-BRAGANÇA | AD14: S/N | AE14: Km2 | AF14: SÃO PEDRO E SÃO PAULO | AG14: Capanema | AH14: PA | AJ14: 3361 | AK14: 38416 | AL14: 38416 | AM14: 40058 | AX14: 38749 | BG14: 9257675220 | BH14: ANGELA MARIA DA SILVA KOBAYASH | BI14: angel.kob@hotmail.com;ange@ufpa.br | BJ14: 91983896870 | BK14: Em Desativação/Extinção voluntária
A15: 115174 | B15: ADMINISTRAÇÃO - EAD | C15: ICSA | D15: 40058 | E15: BACH | F15: Bacharelado | G15: 115174 - ADMINISTRAÇÃO - EAD - BACH - ICSA | H15: Educação a Distância | I15: Extinto | J15: 50 | K15: 3200 | Q15: Semestral | Z15: 60 | AA15: 50 | AB15: 2006688 | AC15: Avenida Gentil Bittencourt | AD15: 1582 | AE15: Antiga escola Governador Alacid Nunes | AF15: Central | AG15: Cametá | AH15: PA | AJ15: 3361 | AK15: 38416 | AL15: 38416 | AM15: 40058 | AX15: 38749 | BG15: 9257675220 | BH15: ANGELA MARIA DA SILVA KOBAYASH | BI15: angel.kob@hotmail.com;ange@ufpa.br | BJ15: 91983896870 | BK15: Em Desativação/Extinção voluntária
A16: 115174 | B16: ADMINISTRAÇÃO - EAD | C16: ICSA | D16: 40058 | E16: BACH | F16: Bacharelado | G16: 115174 - ADMINISTRAÇÃO - EAD - BACH - ICSA | H16: Educação a Distância | I16: Extinto | J16: 50 | K16: 3200 | Q16: Semestral | Z16: 60 | AA16: 50 | AB16: 2006690 | AC16: AV. Joao Fanjas | AD16: S/N | AE16: Complexo poliesportivo negibão | AF16: CENTRO | AG16: Benevides | AH16: PA | AJ16: 3361 | AK16: 38416 | AL16: 38416 | AM16: 40058 | AX16: 38749 | BG16: 9257675220 | BH16: ANGELA MARIA DA SILVA KOBAYASH | BI16: angel.kob@hotmail.com;ange@ufpa.br | BJ16: 91983896870 | BK16: Em Desativação/Extinção voluntária
A17: 1203245 | B17: ADMINISTRAÇÃO PÚBLICA - EAD | C17: ICSA | D17: 41313 | E17: BACH | F17: Bacharelado | G17: 1203245 - ADMINISTRAÇÃO PÚBLICA - EAD - BACH - ICSA | H17: Educação a Distância | I17: Em atividade | J17: 390 | K17: 3000 | L17: 0 | M17: 300 | N17: 120 | O17: 30 | P17: 30 | Q17: Semestral | Z17: 800 | AA17: 390 | AB17: 263 | AC17: Rua Padre Antônio Franco | AD17: 2417 | AF17: Matinha | AG17: Cametá | AH17: PA | AI17: Resolução | AJ17: 4.086/2010 | AK17: 40527 | AL17: 40527 | AM17: 42433 | AN17: Portaria | AO17: 436 de 30/07/2014 | AP17: 41851 | AQ17: 41851 | AR17: 41855 | AS17: Portaria | AT17: 403 de 15/08/2024. | AU17: 45520 | AV17: 45520 | AW17: 45523 | AX17: 40210 | AZ17: 4 | BA17: 2023 | BB17: 3 | BC17: 205 | BD17: 2022 | BE17: 2 | BF17: 2022 | BG17: 3789942200 | BH17: Benedita Maria Diniz da Silva | BI17: beniz@ufpa.br;cpa.ufpa@gmail.com | BJ17: 91982778055
A18: 1203245 | B18: ADMINISTRAÇÃO PÚBLICA - EAD | C18: ICSA | D18: 41313 | E18: BACH | F18: Bacharelado | G18: 1203245 - ADMINISTRAÇÃO PÚBLICA - EAD - BACH - ICSA | H18: Educação a Distância | I18: Em atividade | J18: 390 | K18: 3000 | L18: 0 | M18: 300 | N18: 120 | O18: 30 | P18: 30 | Q18: Semestral | Z18: 800 | AA18: 390 | AB18: 684 | AC18: Folha 31, Quadra 7, Lote Especial | AD18: S/Nº | AF18: Nova Marabá | AG18: Dom Eliseu | AH18: PA | AI18: Resolução | AJ18: 4.086/2010 | AK18: 40527 | AL18: 40527 | AM18: 42433 | AN18: Portaria | AO18: 436 de 30/07/2014 | AP18: 41851 | AQ18: 41851 | AR18: 41855 | AS18: Portaria | AT18: 403 de 15/08/2024. | AU18: 45520 | AV18: 45520 | AW18: 45523 | AX18: 40210 | AZ18: 4 | BA18: 2023 | BB18: 3 | BC18: 205 | BD18: 2022 | BE18: 2 | BF18: 2022 | BG18: 3789942200 | BH18: Benedita Maria Diniz da Silva | BI18: beniz@ufpa.br;cpa.ufpa@gmail.com | BJ18: 91982778055
A19: 1203245 | B19: ADMINISTRAÇÃO PÚBLICA - EAD | C19: ICSA | D19: 41313 | E19: BACH | F19: Bacharelado | G19: 1203245 - ADMINISTRAÇÃO PÚBLICA - EAD - BACH - ICSA | H19: Educação a Distância | I19: Em atividade | J19: 390 | K19: 3000 | L19: 0 | M19: 300 | N19: 120 | O19: 30 | P19: 30 | Q19: Semestral | Z19: 800 | AA19: 390 | AB19: 1005925 | AC19: RUA AUGUSTO CORREA | AD19: 01 | AE19: CIDADE UNIVERSITARIA JOSÉ DA SILVEIRA NETTO | AF19: GUAMÁ | AG19: Belém | AH19: PA | AI19: Resolução | AJ19: 4.086/2010 | AK19: 40527 | AL19: 40527 | AM19: 42433 | AN19: Portaria | AO19: 436 de 30/07/2014 | AP19: 41851 | AQ19: 41851 | AR19: 41855 | AS19: Portaria | AT19: 403 de 15/08/2024. | AU19: 45520 | AV19: 45520 | AW19: 45523 | AX19: 40210 | AZ19: 4 | BA19: 2023 | BB19: 3 | BC19: 205 | BD19: 2022 | BE19: 2 | BF19: 2022 | BG19: 3789942200 | BH19: Benedita Maria Diniz da Silva | BI19: beniz@ufpa.br;cpa.ufpa@gmail.com | BJ19: 91982778055
A20: 1203245 | B20: ADMINISTRAÇÃO PÚBLICA - EAD | C20: ICSA | D20: 41313 | E20: BACH | F20: Bacharelado | G20: 1203245 - ADMINISTRAÇÃO PÚBLICA - EAD - BACH - ICSA | H20: Educação a Distância | I20: Em atividade | J20: 390 | K20: 3000 | L20: 0 | M20: 300 | N20: 120 | O20: 30 | P20: 30 | Q20: Semestral | Z20: 800 | AA20: 390 | AB20: 1100468 | AC20: AVENIDA JULIO CESAR | AD20: 39 | AE20: POLO UAB SALINOPOLIS | AF20: ALACILANDIA | AG20: Salinópolis | AH20: PA | AI20: Resolução | AJ20: 4.086/2010 | AK20: 40527 | AL20: 40527 | AM20: 42433 | AN20: Portaria | AO20: 436 de 30/07/2014 | AP20: 41851 | AQ20: 41851 | AR20: 41855 | AS20: Portaria | AT20: 403 de 15/08/2024. | AU20: 45520 | AV20: 45520 | AW20: 45523 | AX20: 40210 | AZ20: 4 | BA20: 2023 | BB20: 3 | BC20: 205 | BD20: 2022 | BE20: 2 | BF20: 2022 | BG20: 3789942200 | BH20: Benedita Maria Diniz da Silva | BI20: beniz@ufpa.br;cpa.ufpa@gmail.com | BJ20: 91982778055
A21: 1203245 | B21: ADMINISTRAÇÃO PÚBLICA - EAD | C21: ICSA | D21: 41313 | E21: BACH | F21: Bacharelado | G21: 1203245 - ADMINISTRAÇÃO PÚBLICA - EAD - BACH - ICSA | H21: Educação a Distância | I21: Em atividade | J21: 390 | K21: 3000 | L21: 0 | M21: 300 | N21: 120 | O21: 30 | P21: 30 | Q21: Semestral | Z21: 800 | AA21: 390 | AB21: 1101092 | AC21: Rua Muiracatiara | AD21: 25 | AE21: POLO UAB CANAA DOS CARAJAS | AF21: Novo Horizonte | AG21: Canaã dos Carajás | AH21: PA | AI21: Resolução | AJ21: 4.086/2010 | AK21: 40527 | AL21: 40527 | AM21: 42433 | AN21: Portaria | AO21: 436 de 30/07/2014 | AP21: 41851 | AQ21: 41851 | AR21: 41855 | AS21: Portaria | AT21: 403 de 15/08/2024. | AU21: 45520 | AV21: 45520 | AW21: 45523 | AX21: 40210 | AZ21: 4 | BA21: 2023 | BB21: 3 | BC21: 205 | BD21: 2022 | BE21: 2 | BF21: 2022 | BG21: 3789942200 | BH21: Benedita Maria Diniz da Silva | BI21: beniz@ufpa.br;cpa.ufpa@gmail.com | BJ21: 91982778055
A22: 1203245 | B22: ADMINISTRAÇÃO PÚBLICA - EAD | C22: ICSA | D22: 41313 | E22: BACH | F22: Bacharelado | G22: 1203245 - ADMINISTRAÇÃO PÚBLICA - EAD - BACH - ICSA | H22: Educação a Distância | I22: Em atividade | J22: 390 | K22: 3000 | L22: 0 | M22: 300 | N22: 120 | O22: 30 | P22: 30 | Q22: Semestral | Z22: 800 | AA22: 390 | AB22: 1101094 | AC22: Rua Irmã Maria Otavia | AD22: sn | AE22: POLO UAB CONCEIÇÃO DO ARAGUAIA | AF22: centro | AG22: Conceição do Araguaia | AH22: PA | AI22: Resolução | AJ22: 4.086/2010 | AK22: 40527 | AL22: 40527 | AM22: 42433 | AN22: Portaria | AO22: 436 de 30/07/2014 | AP22: 41851 | AQ22: 41851 | AR22: 41855 | AS22: Portaria | AT22: 403 de 15/08/2024. | AU22: 45520 | AV22: 45520 | AW22: 45523 | AX22: 40210 | AZ22: 4 | BA22: 2023 | BB22: 3 | BC22: 205 | BD22: 2022 | BE22: 2 | BF22: 2022 | BG22: 3789942200 | BH22: Benedita Maria Diniz da Silva | BI22: beniz@ufpa.br;cpa.ufpa@gmail.com | BJ22: 91982778055
A23: 1203245 | B23: ADMINISTRAÇÃO PÚBLICA - EAD | C23: ICSA | D23: 41313 | E23: BACH | F23: Bacharelado | G23: 1203245 - ADMINISTRAÇÃO PÚBLICA - EAD - BACH - ICSA | H23: Educação a Distância | I23: Em atividade | J23: 390 | K23: 3000 | L23: 0 | M23: 300 | N23: 120 | O23: 30 | P23: 30 | Q23: Semestral | Z23: 800 | AA23: 390 | AB23: 1101324 | AC23: Rua Santa Tereza, s/n. Escola Rosalia Correia | AE23: POLO UAB JACUNDA | AF23: santa rita | AG23: Jacundá | AH23: PA | AI23: Resolução | AJ23: 4.086/2010 | AK23: 40527 | AL23: 40527 | AM23: 42433 | AN23: Portaria | AO23: 436 de 30/07/2014 | AP23: 41851 | AQ23: 41851 | AR23: 41855 | AS23: Portaria | AT23: 403 de 15/08/2024. | AU23: 45520 | AV23: 45520 | AW23: 45523 | AX23: 40210 | AZ23: 4 | BA23: 2023 | BB23: 3 | BC23: 205 | BD23: 2022 | BE23: 2 | BF23: 2022 | BG23: 3789942200 | BH23: Benedita Maria Diniz da Silva | BI23: beniz@ufpa.br;cpa.ufpa@gmail.com | BJ23: 91982778055
A24: 1203245 | B24: ADMINISTRAÇÃO PÚBLICA - EAD | C24: ICSA | D24: 41313 | E24: BACH | F24: Bacharelado | G24: 1203245 - ADMINISTRAÇÃO PÚBLICA - EAD - BACH - ICSA | H24: Educação a Distância | I24: Em atividade | J24: 390 | K24: 3000 | L24: 0 | M24: 300 | N24: 120 | O24: 30 | P24: 30 | Q24: Semestral | Z24: 800 | AA24: 390 | AB24: 2006685 | AC24: Rua Arnaldo Pinheiro | AD24: S/N | AF24: Maracana | AG24: Juruti | AH24: PA | AI24: Resolução | AJ24: 4.086/2010 | AK24: 40527 | AL24: 40527 | AM24: 42433 | AN24: Portaria | AO24: 436 de 30/07/2014 | AP24: 41851 | AQ24: 41851 | AR24: 41855 | AS24: Portaria | AT24: 403 de 15/08/2024. | AU24: 45520 | AV24: 45520 | AW24: 45523 | AX24: 40210 | AZ24: 4 | BA24: 2023 | BB24: 3 | BC24: 205 | BD24: 2022 | BE24: 2 | BF24: 2022 | BG24: 3789942200 | BH24: Benedita Maria Diniz da Silva | BI24: beniz@ufpa.br;cpa.ufpa@gmail.com | BJ24: 91982778055
A25: 1203245 | B25: ADMINISTRAÇÃO PÚBLICA - EAD | C25: ICSA | D25: 41313 | E25: BACH | F25: Bacharelado | G25: 1203245 - ADMINISTRAÇÃO PÚBLICA - EAD - BACH - ICSA | H25: Educação a Distância | I25: Em atividade | J25: 390 | K25: 3000 | L25: 0 | M25: 300 | N25: 120 | O25: 30 | P25: 30 | Q25: Semestral | Z25: 800 | AA25: 390 | AB25: 2006686 | AC25: RUA CASTRO ALVES,PDS | AD25: S/N | AE25: emef manoelito sande de andrade | AF25: PDS | AG25: Dom Eliseu | AH25: PA | AI25: Resolução | AJ25: 4.086/2010 | AK25: 40527 | AL25: 40527 | AM25: 42433 | AN25: Portaria | AO25: 436 de 30/07/2014 | AP25: 41851 | AQ25: 41851 | AR25: 41855 | AS25: Portaria | AT25: 403 de 15/08/2024. | AU25: 45520 | AV25: 45520 | AW25: 45523 | AX25: 40210 | AZ25: 4 | BA25: 2023 | BB25: 3 | BC25: 205 | BD25: 2022 | BE25: 2 | BF25: 2022 | BG25: 3789942200 | BH25: Benedita Maria Diniz da Silva | BI25: beniz@ufpa.br;cpa.ufpa@gmail.com | BJ25: 91982778055
A26: 1441235 | B26: AGROECOLOGIA | C26: ABT | D26: 43895 | E26: TEC | F26: Tecnológico | G26: 1441235 - AGROECOLOGIA - TEC - ABT | H26: Educação Presencial | I26: Em atividade | J26: 40 | K26: 2840 | L26: 0 | M26: 225 | N26: 200 | O26: 60 | P26: 45 | Q26: Semestral | R26: 700 | S26: 40 | AB26: 256 | AC26: Rua Manoel de Abreu | AD26: S/Nº | AF26: Multirão | AG26: Abaetetuba | AH26: PA | AI26: Portaria | AJ26: 63 | AK26: 43895 | AL26: 43895 | AM26: 43900 | AN26: Portaria | AO26: 88 de 17/04/2023. | AP26: 45034 | AQ26: 45034 | AR26: 45034 | AX26: 43325 | AZ26: 5 | BA26: 2022 | BG26: 86758411249 | BH26: Ricardo Eduardo De Freitas Maia | BI26: ricardomaia@ufpa.br | BJ26: 93991723252
A27: 53101 | B27: AGRONOMIA | C27: ALT | D27: 40058 | E27: BACH | F27: Bacharelado | G27: 53101 - AGRONOMIA - BACH - ALT | H27: Educação Presencial | I27: Em atividade | J27: 40 | K27: 3600 | L27: 0 | M27: 180 | N27: 200 | O27: 45 | P27: 30 | Q27: Semestral | R27: 1000 | S27: 40 | AB27: 259 | AC27: Rua Coronel José Porfírio | AD27: 2515 | AE27: Campus Universitario de Altamira | AF27: São Sebastião | AG27: Altamira | AH27: PA | AI27: Resolução | AJ27: 2744 de 19/10/2000 | AK27: 36818 | AL27: 36818 | AM27: 40058 | AN27: Portaria | AO27: 4.357 de 13/12/2005 | AP27: 38700 | AQ27: 38700 | AR27: 40058 | AS27: Portaria | AT27: 190 de 14/05/2024. | AU27: 45427 | AV27: 45427 | AW27: 45427 | AX27: 36929 | AZ27: 4 | BA27: 2019 | BB27: 4 | BC27: 327 | BD27: 2019 | BE27: 4 | BF27: 2019 | BG27: 6088425407 | BH27: Cicero Manoel Dos Santos | BI27: cmanoel@ufpa.br | BJ27: 93161252
A28: 1179151 | B28: AGRONOMIA | C28: CMT | D28: 41403 | E28: BACH | F28: Bacharelado | G28: 1179151 - AGRONOMIA - BACH - CMT | H28: Educação Presencial | I28: Em atividade | J28: 45 | K28: 4860 | L28: 0 | M28: 300 | N28: 240 | O28: 60 | P28: 60 | Q28: Semestral | R28: 1000 | S28: 25 | T28: 1000 | U28: 20 | AB28: 263 | AC28: Rua Padre Antônio Franco | AD28: 2417 | AF28: Matinha | AG28: Cametá | AH28: PA | AI28: Portaria | AJ28: 179 de 08/05/2013 | AK28: 41403 | AL28: 41403 | AM28: 41403 | AN28: Portaria | AO28: 1113 de 26/10/2017 | AP28: 43035 | AQ28: 43035 | AR28: 43038 | AS28: Portaria | AT28: 111 | AU28: 44232 | AV28: 44232 | AW28: 44235 | AX28: 40969 | AZ28: 4 | BA28: 2017 | BB28: 3 | BC28: 255 | BD28: 2019 | BE28: 3 | BF28: 2019 | BG28: 78826780234 | BH28: Antonio Marcos Quadros Cunha | BI28: marcoscunha@ufpa.br;agronomiacameta@ufpa.br | BJ28: 91984116995
A29: 12002 | B29: ARQUITETURA E URBANISMO | C29: ITEC | D29: 40058 | E29: BACH | F29: Bacharelado | G29: 12002 - ARQUITETURA E URBANISMO - BACH - ITEC | H29: Educação Presencial | I29: Em atividade | J29: 60 | K29: 4125 | L29: 0 | M29: 90 | N29: 200 | O29: 180 | P29: 30 | Q29: Semestral | T29: 1000 | U29: 30 | V29: 1000 | W29: 30 | AB29: 1005925 | AC29: RUA AUGUSTO CORREA | AD29: 01 | AE29: CIDADE UNIVERSITARIA JOSÉ DA SILVEIRA NETTO | AF29: GUAMÁ | AG29: Belém | AH29: PA | AI29: Resolução | AJ29: 11 de 23/12/1962 | AK29: 23003 | AL29: 23003 | AM29: 40058 | AN29: Decreto | AO29: 70997 de 17/08/1972 | AP29: 26529 | AQ29: 26529 | AR29: 40058 | AS29: Portaria | AT29: 111 | AU29: 44232 | AV29: 44232 | AW29: 44235 | AX29: 23437 | BB29: 4 | BC29: 295 | BD29: 2019 | BE29: 4 | BF29: 2019 | BG29: 49128027272 | BH29: Roberta Manezes Rodrigues | BI29: robertamr@ufpa.br;cpa.ufpa@gmail.com;fau@ufpa.br | BJ29: 9132018085
A30: 1179143 | B30: ARQUIVOLOGIA | C30: ICSA | D30: 41002 | E30: BACH | F30: Bacharelado | G30: 1179143 - ARQUIVOLOGIA - BACH - ICSA | H30: Educação Presencial | I30: Em atividade | J30: 40 | K30: 2790 | L30: 0 | M30: 300 | N30: 150 | O30: 60 | P30: 60 | Q30: Semestral | V30: 800 | W30: 32 | AB30: 1005925 | AC30: RUA AUGUSTO CORREA | AD30: 01 | AE30: CIDADE UNIVERSITARIA JOSÉ DA SILVEIRA NETTO | AF30: GUAMÁ | AG30: Belém | AH30: PA | AI30: Resolução | AJ30: 4.170/2011 | AK30: 40792 | AL30: 40792 | AM30: 42433 | AN30: Portaria | AO30: 652 de 29/06/2017 | AP30: 42916 | AQ30: 42916 | AR30: 42916 | AX30: 41141 | AY30: 202317632 | AZ30: 4 | BA30: 2017 | BG30: 31596434848 | BH30: Fernando De Assis Rodrigues | BI30: faarq@ufpa.br;cpa.ufpa@gmail.com | BJ30: 9132017150
A31: 114907 | B31: ARTES VISUAIS | C31: ICA | D31: 40058 | E31: LIC | F31: Licenciatura | G31: 114907 - ARTES VISUAIS - LIC - ICA | H31: Educação Presencial | I31: Em atividade | J31: 40 | K31: 3293 | L31: 0 | M31: 408 | N31: 200 | O31: 60 | P31: 60 | Q31: Semestral | V31: 1000 | W31: 40 | AB31: 1005925 | AC31: RUA AUGUSTO CORREA | AD31: 01 | AE31: CIDADE UNIVERSITARIA JOSÉ DA SILVEIRA NETTO | AF31: GUAMÁ | AG31: Belém | AH31: PA | AJ31: 3361 | AK31: 38416 | AL31: 38416 | AM31: 40058 | AN31: Portaria | AO31: 428 de 30/08/2013 | AP31: 41520 | AQ31: 41520 | AR31: 41520 | AS31: Portaria | AT31: 202 de 21/05/2024. | AU31: 45434 | AV31: 45434 | AW31: 45434 | AX31: 39449 | AZ31: 4 | BA31: 2023 | BB31: 2 | BC31: 190 | BD31: 2017 | BE31: 2 | BF31: 2017 | BG31: 26705567287 | BH31: Luizan Pinheiro Da Costa | BI31: luizan2014@gmail.com | BJ31: 91984796764
A32: 414907 | B32: ARTES VISUAIS | C32: ICA | D32: 40382 | E32: BACH | F32: Bacharelado | G32: 414907 - ARTES VISUAIS - BACH - ICA | H32: Educação Presencial | I32: Em atividade | J32: 30 | K32: 3208 | L32: 0 | M32: 250 | N32: 204 | O32: 68 | P32: 113 | Q32: Semestral | V32: 1000 | W32: 30 | AB32: 1005925 | AC32: RUA AUGUSTO CORREA | AD32: 01 | AE32: CIDADE UNIVERSITARIA JOSÉ DA SILVEIRA NETTO | AF32: GUAMÁ | AG32: Belém | AH32: PA | AJ32: 3361 | AK32: 38416 | AL32: 38416 | AM32: 40382 | AN32: Portaria | AO32: 133 de 27/07/2012 | AP32: 41120 | AQ32: 41120 | AR32: 41136 | AS32: Portaria | AT32: 1630 | AU32: 44543 | AV32: 44543 | AW32: 44580 | AX32: 39449 | AY32: 202317257 | AZ32: 4 | BA32: 2024 | BG32: 26705567287 | BH32: Luizan Pinheiro Da Costa | BI32: luizan2014@gmail.com | BJ32: 91984796764
A33: 11987 | B33: BIBLIOTECONOMIA | C33: ICSA | D33: 40058 | E33: BACH | F33: Bacharelado | G33: 11987 - BIBLIOTECONOMIA - BACH - ICSA | H33: Educação Presencial | I33: Em atividade | J33: 60 | K33: 2880 | L33: 0 | M33: 320 | N33: 160 | O33: 60 | P33: 30 | Q33: Semestral | T33: 800 | U33: 30 | X33: 800 | Y33: 30 | AB33: 1005925 | AC33: RUA AUGUSTO CORREA | AD33: 01 | AE33: CIDADE UNIVERSITARIA JOSÉ DA SILVEIRA NETTO | AF33: GUAMÁ | AG33: Belém | AH33: PA | AI33: Resolução | AJ33: 16 de 28/12/1962 | AK33: 23008 | AL33: 23008 | AM33: 40058 | AN33: Decreto | AO33: 70997 de 17/08/1972 | AP33: 26529 | AQ33: 26529 | AR33: 40058 | AS33: Portaria | AT33: 1632 | AU33: 44543 | AV33: 44543 | AW33: 44580 | AX33: 23039 | AZ33: 4 | BA33: 2018 | BB33: 3 | BC33: 202 | BD33: 2009 | BE33: 2 | BF33: 2009 | BG33: 17656389253 | BH33: Telma Socorro Silva Sobrinho | BI33: fablb@ufpa.br;telm@ufpa.br;cpa.ufpa@gmail.com | BJ33: 992210504
A34: 1465787 | B34: BIBLIOTECONOMIA - EAD | C34: ICSA | D34: 43479 | E34: BACH | F34: Bacharelado | G34: 1465787 - BIBLIOTECONOMIA - EAD - BACH - ICSA | H34: Educação a Distância | I34: Em atividade | J34: 280 | K34: 2895 | L34: 0 | M34: 240 | N34: 120 | O34: 120 | P34: 30 | Q34: Semestral | Z34: 800 | AA34: 280 | AB34: 1005925 | AC34: RUA AUGUSTO CORREA | AD34: 01 | AE34: CIDADE UNIVERSITARIA JOSÉ DA SILVEIRA NETTO | AF34: GUAMÁ | AG34: Belém | AH34: PA | AI34: Resolução | AJ34: 5091 | AK34: 43376 | AL34: 43376 | AM34: 43479 | AX34: 44543 | AY34: 202417983 | BG34: 11719427291 | BH34: WILLIAMS JORGE CORREA PINHEIRO | BI34: wjcp@ufpa.br;dinfi@ufpa.br;cpa.ufpa@gmail.com
A35: 1465787 | B35: BIBLIOTECONOMIA - EAD | C35: ICSA | D35: 43479 | E35: BACH | F35: Bacharelado | G35: 1465787 - BIBLIOTECONOMIA - EAD - BACH - ICSA | H35: Educação a Distância | I35: Em atividade | J35: 280 | K35: 2895 | L35: 0 | M35: 240 | N35: 120 | O35: 120 | P35: 30 | Q35: Semestral | Z35: 800 | AA35: 280 | AB35: 1056918 | AC35: Avenida Rio Branco | AD35: 1752 | AE35: Polo UAB - BREVES | AF35: Aeroporto | AG35: Breves | AH35: PA | AI35: Resolução | AJ35: 5091 | AK35: 43376 | AL35: 43376 | AM35: 43479 | AX35: 44543 | AY35: 202417983 | BG35: 11719427291 | BH35: WILLIAMS JORGE CORREA PINHEIRO | BI35: wjcp@ufpa.br;dinfi@ufpa.br;cpa.ufpa@gmail.com
A36: 1465787 | B36: BIBLIOTECONOMIA - EAD | C36: ICSA | D36: 43479 | E36: BACH | F36: Bacharelado | G36: 1465787 - BIBLIOTECONOMIA - EAD - BACH - ICSA | H36: Educação a Distância | I36: Em atividade | J36: 280 | K36: 2895 | L36: 0 | M36: 240 | N36: 120 | O36: 120 | P36: 30 | Q36: Semestral | Z36: 800 | AA36: 280 | AB36: 1056920 | AC36: Avenida Joaquim Bitencourt | AD36: 1582 | AE36: Polo UAB - CAMETÁ | AF36: Centro | AG36: Cametá | AH36: PA | AI36: Resolução | AJ36: 5091 | AK36: 43376 | AL36: 43376 | AM36: 43479 | AX36: 44543 | AY36: 202417983 | BG36: 11719427291 | BH36: WILLIAMS JORGE CORREA PINHEIRO | BI36: wjcp@ufpa.br;dinfi@ufpa.br;cpa.ufpa@gmail.com
A37: 1465787 | B37: BIBLIOTECONOMIA - EAD | C37: ICSA | D37: 43479 | E37: BACH | F37: Bacharelado | G37: 1465787 - BIBLIOTECONOMIA - EAD - BACH - ICSA | H37: Educação a Distância | I37: Em atividade | J37: 280 | K37: 2895 | L37: 0 | M37: 240 | N37: 120 | O37: 120 | P37: 30 | Q37: Semestral | Z37: 800 | AA37: 280 | AB37: 1060676 | AC37: Rua Casimiro de abreu | AD37: 24 | AF37: JK 01 | AG37: Paragominas | AH37: PA | AI37: Resolução | AJ37: 5091 | AK37: 43376 | AL37: 43376 | AM37: 43479 | AX37: 44543 | AY37: 202417983 | BG37: 11719427291 | BH37: WILLIAMS JORGE CORREA PINHEIRO | BI37: wjcp@ufpa.br;dinfi@ufpa.br;cpa.ufpa@gmail.com
A38: 1465787 | B38: BIBLIOTECONOMIA - EAD | C38: ICSA | D38: 43479 | E38: BACH | F38: Bacharelado | G38: 1465787 - BIBLIOTECONOMIA - EAD - BACH - ICSA | H38: Educação a Distância | I38: Em atividade | J38: 280 | K38: 2895 | L38: 0 | M38: 240 | N38: 120 | O38: 120 | P38: 30 | Q38: Semestral | Z38: 800 | AA38: 280 | AB38: 1100468 | AC38: AVENIDA JULIO CESAR | AD38: 39 | AE38: POLO UAB SALINOPOLIS | AF38: ALACILANDIA | AG38: Salinópolis | AH38: PA | AI38: Resolução | AJ38: 5091 | AK38: 43376 | AL38: 43376 | AM38: 43479 | AX38: 44543 | AY38: 202417983 | BG38: 11719427291 | BH38: WILLIAMS JORGE CORREA PINHEIRO | BI38: wjcp@ufpa.br;dinfi@ufpa.br;cpa.ufpa@gmail.com
A39: 1465787 | B39: BIBLIOTECONOMIA - EAD | C39: ICSA | D39: 43479 | E39: BACH | F39: Bacharelado | G39: 1465787 - BIBLIOTECONOMIA - EAD - BACH - ICSA | H39: Educação a Distância | I39: Em atividade | J39: 280 | K39: 2895 | L39: 0 | M39: 240 | N39: 120 | O39: 120 | P39: 30 | Q39: Semestral | Z39: 800 | AA39: 280 | AB39: 1100680 | AC39: Quadra AV 206 Norte Avenida LO 4 | AE39: POLO UAB PALMAS TOCANTINS | AF39: Plano Diretor Norte | AG39: Palmas | AH39: TO | AI39: Resolução | AJ39: 5091 | AK39: 43376 | AL39: 43376 | AM39: 43479 | AX39: 44543 | AY39: 202417983 | BG39: 11719427291 | BH39: WILLIAMS JORGE CORREA PINHEIRO | BI39: wjcp@ufpa.br;dinfi@ufpa.br;cpa.ufpa@gmail.com
A40: 1465787 | B40: BIBLIOTECONOMIA - EAD | C40: ICSA | D40: 43479 | E40: BACH | F40: Bacharelado | G40: 1465787 - BIBLIOTECONOMIA - EAD - BACH - ICSA | H40: Educação a Distância | I40: Em atividade | J40: 280 | K40: 2895 | L40: 0 | M40: 240 | N40: 120 | O40: 120 | P40: 30 | Q40: Semestral | Z40: 800 | AA40: 280 | AB40: 1100691 | AC40: Avenida FAB | AD40: 91 | AE40: POLO UAB MACAPÁ CENTRO | AF40: Centro | AG40: Macapá | AH40: AP | AI40: Resolução | AJ40: 5091 | AK40: 43376 | AL40: 43376 | AM40: 43479 | AX40: 44543 | AY40: 202417983 | BG40: 11719427291 | BH40: WILLIAMS JORGE CORREA PINHEIRO | BI40: wjcp@ufpa.br;dinfi@ufpa.br;cpa.ufpa@gmail.com
A41: 1465787 | B41: BIBLIOTECONOMIA - EAD | C41: ICSA | D41: 43479 | E41: BACH | F41: Bacharelado | G41: 1465787 - BIBLIOTECONOMIA - EAD - BACH - ICSA | H41: Educação a Distância | I41: Em atividade | J41: 280 | K41: 2895 | L41: 0 | M41: 240 | N41: 120 | O41: 120 | P41: 30 | Q41: Semestral | Z41: 800 | AA41: 280 | AB41: 2006684 | AC41: Av. Hiléia | AD41: S/N | AE41: Agrópolis do INCRA | AF41: Amapá | AG41: Marabá | AH41: PA | AI41: Resolução | AJ41: 5091 | AK41: 43376 | AL41: 43376 | AM41: 43479 | AX41: 44543 | AY41: 202417983 | BG41: 11719427291 | BH41: WILLIAMS JORGE CORREA PINHEIRO | BI41: wjcp@ufpa.br;dinfi@ufpa.br;cpa.ufpa@gmail.com
A42: 12014 | B42: BIOMEDICINA | C42: ICB | D42: 40058 | E42: BACH | F42: Bacharelado | G42: 12014 - BIOMEDICINA - BACH - ICB | H42: Educação Presencial | I42: Em atividade | J42: 40 | K42: 4265 | L42: 0 | M42: 810 | N42: 260 | O42: 240 | P42: 30 | Q42: Semestral | R42: 1000 | S42: 32 | AB42: 1005925 | AC42: RUA AUGUSTO CORREA | AD42: 01 | AE42: CIDADE UNIVERSITARIA JOSÉ DA SILVEIRA NETTO | AF42: GUAMÁ | AG42: Belém | AH42: PA | AI42: Resolução | AJ42: 50/1971 | AK42: 40058 | AM42: 40058 | AN42: Decreto | AO42: 81728 de 24/058/1978 | AP42: 28636 | AQ42: 28636 | AR42: 40058 | AS42: Portaria | AT42: 190 de 14/05/2024. | AU42: 45427 | AV42: 45427 | AW42: 45427 | AX42: 25994 | AZ42: 3 | BA42: 2019 | BB42: 4 | BC42: 326 | BD42: 2019 | BE42: 4 | BF42: 2019 | BG42: 73874434249 | BH42: Fernando Augusto Miranda Da Costa | BI42: facbiomedicina@gmail.com;fernandoamc@ufpa.br | BJ42: 91993307735
A43: 1109834 | B43: BIOTECNOLOGIA | C43: ICB | D43: 40273 | E43: BACH | F43: Bacharelado | G43: 1109834 - BIOTECNOLOGIA - BACH - ICB | H43: Educação Presencial | I43: Em atividade | J43: 40 | K43: 3500 | L43: 0 | M43: 400 | N43: 160 | O43: 360 | P43: 60 | Q43: Semestral | T43: 800 | U43: 20 | V43: 800 | W43: 20 | AB43: 1005925 | AC43: RUA AUGUSTO CORREA | AD43: 01 | AE43: CIDADE UNIVERSITARIA JOSÉ DA SILVEIRA NETTO | AF43: GUAMÁ | AG43: Belém | AH43: PA | AI43: Resolução | AJ43: 3.786/2009 | AK43: 39832 | AL43: 39832 | AM43: 42433 | AN43: Portaria | AO43: 650 de 10/12/2013 | AP43: 41619 | AQ43: 41619 | AR43: 41620 | AS43: Portaria | AT43: 91 de 20/02/2019. | AU43: 43518 | AV43: 43518 | AW43: 43557 | AX43: 40252 | AZ43: 4 | BA43: 2018 | BG43: 177793244 | BH43: Bruno Marques Viegas | BI43: bviegas@ufpa.br;biotecicb@gmail.com;cpa@ufpa.br | BJ43: 91982704636
A44: 12025 | B44: CIÊNCIA DA COMPUTAÇÃO | C44: ICEN | D44: 40058 | E44: BACH | F44: Bacharelado | G44: 12025 - CIÊNCIA DA COMPUTAÇÃO - BACH - ICEN | H44: Educação Presencial | I44: Em atividade | J44: 40 | K44: 3570 | L44: 0 | M44: 102 | N44: 408 | O44: 102 | P44: 30 | Q44: Semestral | V44: 1000 | W44: 40 | AB44: 1005925 | AC44: RUA AUGUSTO CORREA | AD44: 01 | AE44: CIDADE UNIVERSITARIA JOSÉ DA SILVEIRA NETTO | AF44: GUAMÁ | AG44: Belém | AH44: PA | AI44: Resolução | AJ44: 1871 de 03/09/1990 | AK44: 33119 | AL44: 33119 | AM44: 40058 | AN44: Portaria | AO44: 1114 de 08/09/1995 | AP44: 34953 | AQ44: 34953 | AR44: 40058 | AS44: Portaria | AT44: 921 | AU44: 43462 | AV44: 43462 | AW44: 43489 | AX44: 32945 | AY44: 202321313 | BB44: 4 | BC44: 309 | BD44: 2017 | BE44: 4 | BF44: 2017 | BG44: 90847296253 | BH44: Victor Hugo Santiago Costa Pinto | BI44: victor.santiago@ufpa.br | BJ44: 16981692987
A45: 18493 | B45: CIÊNCIAS AGRÁRIAS | C45: ALT | D45: 40058 | E45: LIC | F45: Licenciatura | G45: 18493 - CIÊNCIAS AGRÁRIAS - LIC - ALT | H45: Educação Presencial | I45: Em extinção | J45: 40 | K45: 2800 | Q45: Semestral | T45: 100 | U45: 40 | V45: 100 | W45: 0 | AB45: 259 | AC45: Rua Coronel José Porfírio | AD45: 2515 | AE45: Campus Universitario de Altamira | AF45: São Sebastião | AG45: Altamira | AH45: PA | AI45: Resolução | AJ45: 16 de 28/12/1962 | AK45: 23008 | AL45: 23008 | AM45: 40058 | AN45: Portaria | AO45: 566 de 04/03/2002 | AP45: 37320 | AQ45: 37320 | AR45: 40058 | AX45: 35551 | BG45: 60179791249 | BH45: RONILSON DE SOUZA SANTOS | BI45: ronilsonrural2@bol.com.br;altamira@ufpa.br | BJ45: 9335157316 | BK45: Em Desativação/Extinção voluntária
A46: 12023 | B46: CIÊNCIAS BIOLÓGICAS | C46: ICB | D46: 40058 | E46: LIC | F46: Licenciatura | G46: 12023 - CIÊNCIAS BIOLÓGICAS - LIC - ICB | H46: Educação Presencial | I46: Em atividade | J46: 60 | K46: 3702 | L46: 0 | M46: 306 | N46: 360 | O46: 136 | P46: 45 | Q46: Semestral | T46: 800 | U46: 30 | X46: 1000 | Y46: 30 | AB46: 1005925 | AC46: RUA AUGUSTO CORREA | AD46: 01 | AE46: CIDADE UNIVERSITARIA JOSÉ DA SILVEIRA NETTO | AF46: GUAMÁ | AG46: Belém | AH46: PA | AI46: Resolução | AJ46: 09 de 21/05/1970 | AK46: 25709 | AL46: 25709 | AM46: 40058 | AN46: Decreto | AO46: 81728 de 24/05/1978 | AP46: 28636 | AQ46: 28636 | AR46: 40058 | AS46: Portaria | AT46: 921 | AU46: 43462 | AV46: 43462 | AW46: 43489 | AX46: 25994 | AY46: 202321312 | BB46: 3 | BC46: 278 | BD46: 2017 | BE46: 2 | BF46: 2017 | BG46: 30333652215 | BH46: Roberta De Melo Valente | BI46: roberta.mvalente@gmail.com;fcbsec_icb@ufpa.br | BJ46: 91999883365
A47: 12027 | B47: CIÊNCIAS BIOLÓGICAS | C47: ICB | D47: 40058 | E47: BACH | F47: Bacharelado | G47: 12027 - CIÊNCIAS BIOLÓGICAS - BACH - ICB | H47: Educação Presencial | I47: Em atividade | J47: 30 | K47: 3502 | L47: 0 | M47: 306 | N47: 360 | O47: 136 | P47: 45 | Q47: Semestral | V47: 800 | W47: 30 | AB47: 1005925 | AC47: RUA AUGUSTO CORREA | AD47: 01 | AE47: CIDADE UNIVERSITARIA JOSÉ DA SILVEIRA NETTO | AF47: GUAMÁ | AG47: Belém | AH47: PA | AI47: Resolução | AJ47: 09 de 21/05/1970 | AK47: 25709 | AL47: 25709 | AM47: 40058 | AN47: Decreto | AO47: 81728 de 24/05/1978 | AP47: 28636 | AQ47: 28636 | AR47: 40058 | AS47: Portaria | AT47: 921 | AU47: 43462 | AV47: 43462 | AW47: 43489 | AX47: 28550 | AY47: 202321316 | BB47: 4 | BC47: 299 | BD47: 2017 | BE47: 3 | BF47: 2017 | BG47: 30333652215 | BH47: Roberta De Melo Valente | BI47: roberta.mvalente@gmail.com;fcbsec_icb@ufpa.br | BJ47: 91999883365
A48: 18487 | B48: CIÊNCIAS BIOLÓGICAS | C48: IECOS | D48: 40058 | E48: LIC | F48: Licenciatura | G48: 18487 - CIÊNCIAS BIOLÓGICAS - LIC - IECOS | H48: Educação Presencial | I48: Em atividade | J48: 40 | K48: 3605 | L48: 0 | M48: 405 | N48: 200 | O48: 90 | P48: 90 | Q48: Semestral | T48: 800 | U48: 20 | V48: 800 | W48: 20 | AB48: 262 | AC48: Rua Leandro Ribeiro | AD48: S/Nº | AF48: Centro | AG48: Bragança | AH48: PA | AI48: Resolução | AJ48: 09 de 21/05/1970 | AK48: 25709 | AL48: 25709 | AM48: 40058 | AN48: Decreto | AO48: 81728 de 24/05/1978 | AP48: 28636 | AQ48: 28636 | AR48: 40058 | AS48: Portaria | AT48: 921 | AU48: 43462 | AV48: 43462 | AW48: 43489 | AX48: 34090 | AY48: 202321554 | BB48: 4 | BC48: 326 | BD48: 2017 | BE48: 4 | BF48: 2017 | BG48: 63766590200 | BH48: Aldemir Branco De Oliveira Filho | BI48: biolbraganca@ufpa.br;olivfilho@ufpa.br | BJ48: 91988152707
A49: 18491 | B49: CIÊNCIAS BIOLÓGICAS | C49: ALT | D49: 40058 | E49: LIC | F49: Licenciatura | G49: 18491 - CIÊNCIAS BIOLÓGICAS - LIC - ALT | H49: Educação Presencial | I49: Em atividade | J49: 40 | K49: 3165 | L49: 0 | M49: 405 | N49: 200 | O49: 90 | P49: 60 | Q49: Semestral | V49: 800 | W49: 32 | AB49: 259 | AC49: Rua Coronel José Porfírio | AD49: 2515 | AE49: Campus Universitario de Altamira | AF49: São Sebastião | AG49: Altamira | AH49: PA | AI49: Resolução | AJ49: 1355 de 03/02/1986 | AK49: 31446 | AL49: 31446 | AM49: 40058 | AN49: Decreto | AO49: 81728 de 24/05/1978 | AP49: 28636 | AQ49: 28636 | AR49: 40058 | AS49: Portaria | AT49: 154 | AU49: 45099 | AV49: 45099 | AW49: 45100 | AX49: 35186 | AZ49: 4 | BA49: 2012 | BB49: 4 | BC49: 316 | BD49: 2021 | BE49: 3 | BF49: 2021 | BG49: 16828357825 | BH49: Hermes Fonseca De Medeiros | BI49: biologiaufpaatm@gmail.com;cpa.ufpa@gmail.com;direcaofcb-atm@ufpa.br;ronaldobiologiaufpa@gmail.com | BJ49: 93991449848
A50: 104640 | B50: CIÊNCIAS BIOLÓGICAS | C50: SOU | D50: 40058 | E50: LIC | F50: Licenciatura | G50: 104640 - CIÊNCIAS BIOLÓGICAS - LIC - SOU | H50: Educação Presencial | I50: Em atividade | J50: 30 | K50: 3255 | L50: 0 | M50: 380 | N50: 200 | O50: 132 | P50: 51 | Q50: Semestral | V50: 800 | W50: 30 | AB50: 258 | AC50: 13ª Rua | AD50: S/Nº | AF50: Umirizal | AG50: Soure | AH50: PA | AI50: Resolução | AJ50: 3381 | AK50: 38715 | AL50: 38715 | AM50: 40058 | AN50: Portaria | AO50: 666 de 12/12/2013 | AP50: 41621 | AQ50: 41621 | AR50: 41621 | AS50: Portaria | AT50: 154 | AU50: 45099 | AV50: 45099 | AW50: 45100 | AX50: 38719 | AZ50: 3 | BA50: 2012 | BB50: 3 | BC50: 280 | BD50: 2021 | BE50: 2 | BF50: 2021 | BG50: 84406747249 | BH50: Leandra De Paula Cardoso Pinheiro | BI50: biologia_soure@ufpa.br;lcardoso@ufpa.br | BJ50: 91992663273
A51: 115134 | B51: CIÊNCIAS BIOLÓGICAS | C51: ORX | D51: 40058 | E51: LIC | F51: Licenciatura | G51: 115134 - CIÊNCIAS BIOLÓGICAS - LIC - ORX | H51: Educação Presencial | I51: Em atividade | J51: 50 | K51: 3000 | Q51: Semestral | R51: 100 | S51: 50 | T51: 100 | U51: 0 | AB51: 281 | AC51: RODOVIA PA 254 | AD51: S/N | AE51: NÚCLEO UNIVERSITÁRIO | AF51: SANTISSIMA | AG51: Oriximiná | AH51: PA | AJ51: 3361 | AK51: 38416 | AL51: 38416 | AM51: 40058 | AX51: 39084 | BE51: 3 | BF51: 2011 | BG51: 12732940259 | BH51: DOMINGOS LUIS WANDERLEY PICANCO DINIZ | BI51: domingos@ufpa.br;nororiximina@gmail.com | BJ51: 9191734581
A52: 312027 | B52: CIÊNCIAS BIOLÓGICAS | C52: ICB | D52: 40360 | E52: LIC | F52: Licenciatura | G52: 312027 - CIÊNCIAS BIOLÓGICAS - LIC - ICB | H52: Educação Presencial | I52: Extinto | J52: 30 | K52: 3534 | Q52: Semestral | T52: 80 | U52: 30 | AB52: 1005925 | AC52: RUA AUGUSTO CORREA | AD52: 01 | AE52: CIDADE UNIVERSITARIA JOSÉ DA SILVEIRA NETTO | AF52: GUAMÁ | AG52: Belém | AH52: PA | AI52: Resolução | AJ52: 09 de 21/05/1970 | AK52: 25709 | AL52: 25709 | AM52: 40360 | AN52: Decreto | AO52: 81728 de 24/05/1978 | AP52: 28636 | AQ52: 28636 | AR52: 40360 | AX52: 28550 | BG52: 44269137215 | BH52: SHEILA COSTA VILHENA PINHEIRO | BI52: scvpinheiro@ig.com.br;eadbiologia@ufpa.br | BJ52: 9132017102
A53: 1148030 | B53: CIÊNCIAS BIOLÓGICAS - EAD | C53: ICB | D53: 40623 | E53: LIC | F53: Licenciatura | G53: 1148030 - CIÊNCIAS BIOLÓGICAS - EAD - LIC - ICB | H53: Educação a Distância | I53: Em atividade | J53: 200 | K53: 3328 | L53: 0 | M53: 306 | N53: 200 | O53: 34 | P53: 34 | Q53: Semestral | Z53: 800 | AA53: 200 | AB53: 267 | AC53: Avenida Rio Branco | AD53: 1752 | AF53: Aeroporto | AG53: Breves | AH53: PA | AI53: Resolução | AJ53: 3508 | AK53: 39163 | AL53: 39163 | AM53: 41905 | AN53: Portaria | AO53: 177 de 18/04/2013 | AP53: 41383 | AQ53: 41383 | AR53: 41400 | AS53: Portaria | AT53: 155 | AU53: 45099 | AV53: 45099 | AW53: 45100 | AX53: 38750 | AZ53: 3 | BA53: 2012 | BB53: 3 | BC53: 207 | BD53: 2021 | BE53: 2 | BF53: 2021 | BG53: 64402177987 | BH53: Gleomar Fabiano Maschio | BI53: gleomarmaschio@gmail.com;cpa.ufpa@gmail.com | BJ53: 91982286766
A54: 1148030 | B54: CIÊNCIAS BIOLÓGICAS - EAD | C54: ICB | D54: 40623 | E54: LIC | F54: Licenciatura | G54: 1148030 - CIÊNCIAS BIOLÓGICAS - EAD - LIC - ICB | H54: Educação a Distância | I54: Em atividade | J54: 200 | K54: 3328 | L54: 0 | M54: 306 | N54: 200 | O54: 34 | P54: 34 | Q54: Semestral | Z54: 800 | AA54: 200 | AB54: 26622 | AC54: RUA A, QUADRA ESPECIAL | AD54: S/N | AF54: CIDADE NOVA | AG54: Parauapebas | AH54: PA | AI54: Resolução | AJ54: 3508 | AK54: 39163 | AL54: 39163 | AM54: 41905 | AN54: Portaria | AO54: 177 de 18/04/2013 | AP54: 41383 | AQ54: 41383 | AR54: 41400 | AS54: Portaria | AT54: 155 | AU54: 45099 | AV54: 45099 | AW54: 45100 | AX54: 38750 | AZ54: 3 | BA54: 2012 | BB54: 3 | BC54: 207 | BD54: 2021 | BE54: 2 | BF54: 2021 | BG54: 64402177987 | BH54: Gleomar Fabiano Maschio | BI54: gleomarmaschio@gmail.com;cpa.ufpa@gmail.com | BJ54: 91982286766
A55: 1148030 | B55: CIÊNCIAS BIOLÓGICAS - EAD | C55: ICB | D55: 40623 | E55: LIC | F55: Licenciatura | G55: 1148030 - CIÊNCIAS BIOLÓGICAS - EAD - LIC - ICB | H55: Educação a Distância | I55: Em atividade | J55: 200 | K55: 3328 | L55: 0 | M55: 306 | N55: 200 | O55: 34 | P55: 34 | Q55: Semestral | Z55: 800 | AA55: 200 | AB55: 1005925 | AC55: RUA AUGUSTO CORREA | AD55: 01 | AE55: CIDADE UNIVERSITARIA JOSÉ DA SILVEIRA NETTO | AF55: GUAMÁ | AG55: Belém | AH55: PA | AI55: Resolução | AJ55: 3508 | AK55: 39163 | AL55: 39163 | AM55: 41905 | AN55: Portaria | AO55: 177 de 18/04/2013 | AP55: 41383 | AQ55: 41383 | AR55: 41400 | AS55: Portaria | AT55: 155 | AU55: 45099 | AV55: 45099 | AW55: 45100 | AX55: 38750 | AZ55: 3 | BA55: 2012 | BB55: 3 | BC55: 207 | BD55: 2021 | BE55: 2 | BF55: 2021 | BG55: 64402177987 | BH55: Gleomar Fabiano Maschio | BI55: gleomarmaschio@gmail.com;cpa.ufpa@gmail.com | BJ55: 91982286766
A56: 1148030 | B56: CIÊNCIAS BIOLÓGICAS - EAD | C56: ICB | D56: 40623 | E56: LIC | F56: Licenciatura | G56: 1148030 - CIÊNCIAS BIOLÓGICAS - EAD - LIC - ICB | H56: Educação a Distância | I56: Em atividade | J56: 200 | K56: 3328 | L56: 0 | M56: 306 | N56: 200 | O56: 34 | P56: 34 | Q56: Semestral | Z56: 800 | AA56: 200 | AB56: 1056920 | AC56: Avenida Joaquim Bitencourt | AD56: 1582 | AE56: Polo UAB - CAMETÁ | AF56: Centro | AG56: Cametá | AH56: PA | AI56: Resolução | AJ56: 3508 | AK56: 39163 | AL56: 39163 | AM56: 41905 | AN56: Portaria | AO56: 177 de 18/04/2013 | AP56: 41383 | AQ56: 41383 | AR56: 41400 | AS56: Portaria | AT56: 155 | AU56: 45099 | AV56: 45099 | AW56: 45100 | AX56: 38750 | AZ56: 3 | BA56: 2012 | BB56: 3 | BC56: 207 | BD56: 2021 | BE56: 2 | BF56: 2021 | BG56: 64402177987 | BH56: Gleomar Fabiano Maschio | BI56: gleomarmaschio@gmail.com;cpa.ufpa@gmail.com | BJ56: 91982286766
A57: 1148030 | B57: CIÊNCIAS BIOLÓGICAS - EAD | C57: ICB | D57: 40623 | E57: LIC | F57: Licenciatura | G57: 1148030 - CIÊNCIAS BIOLÓGICAS - EAD - LIC - ICB | H57: Educação a Distância | I57: Em atividade | J57: 200 | K57: 3328 | L57: 0 | M57: 306 | N57: 200 | O57: 34 | P57: 34 | Q57: Semestral | Z57: 800 | AA57: 200 | AB57: 1056923 | AC57: Rua Simplício de Moraes | AD57: S/N | AE57: Polo UAB - Iguarapé-Miri | AF57: Cidade Nova | AG57: Igarapé-Miri | AH57: PA | AI57: Resolução | AJ57: 3508 | AK57: 39163 | AL57: 39163 | AM57: 41905 | AN57: Portaria | AO57: 177 de 18/04/2013 | AP57: 41383 | AQ57: 41383 | AR57: 41400 | AS57: Portaria | AT57: 155 | AU57: 45099 | AV57: 45099 | AW57: 45100 | AX57: 38750 | AZ57: 3 | BA57: 2012 | BB57: 3 | BC57: 207 | BD57: 2021 | BE57: 2 | BF57: 2021 | BG57: 64402177987 | BH57: Gleomar Fabiano Maschio | BI57: gleomarmaschio@gmail.com;cpa.ufpa@gmail.com | BJ57: 91982286766
A58: 1148030 | B58: CIÊNCIAS BIOLÓGICAS - EAD | C58: ICB | D58: 40623 | E58: LIC | F58: Licenciatura | G58: 1148030 - CIÊNCIAS BIOLÓGICAS - EAD - LIC - ICB | H58: Educação a Distância | I58: Em atividade | J58: 200 | K58: 3328 | L58: 0 | M58: 306 | N58: 200 | O58: 34 | P58: 34 | Q58: Semestral | Z58: 800 | AA58: 200 | AB58: 1060676 | AC58: Rua Casimiro de abreu | AD58: 24 | AF58: JK 01 | AG58: Paragominas | AH58: PA | AI58: Resolução | AJ58: 3508 | AK58: 39163 | AL58: 39163 | AM58: 41905 | AN58: Portaria | AO58: 177 de 18/04/2013 | AP58: 41383 | AQ58: 41383 | AR58: 41400 | AS58: Portaria | AT58: 155 | AU58: 45099 | AV58: 45099 | AW58: 45100 | AX58: 38750 | AZ58: 3 | BA58: 2012 | BB58: 3 | BC58: 207 | BD58: 2021 | BE58: 2 | BF58: 2021 | BG58: 64402177987 | BH58: Gleomar Fabiano Maschio | BI58: gleomarmaschio@gmail.com;cpa.ufpa@gmail.com | BJ58: 91982286766
